2025-03-01 09:25:00,11.299999999999997,9.0,1.5
2025-03-01 09:25:05,0.5999999999999943,0.4,0.1
2025-03-01 09:25:10,0.5,0.3,0.1
2025-03-01 09:25:15,0.5,0.3,0.1
2025-03-01 09:25:20,0.29999999999999716,0.2,0.1
2025-03-01 09:25:26,0.29999999999999716,0.2,0.1
2025-03-01 09:25:30,0.29999999999999716,0.1,0.1
2025-03-01 09:25:35,0.29999999999999716,0.2,0.1
2025-03-01 09:25:40,0.20000000000000284,0.2,0.1
2025-03-01 09:25:45,0.20000000000000284,0.2,0.1
2025-03-01 09:25:50,0.20000000000000284,0.1,0.0
2025-03-01 09:25:55,0.09999999999999432,0.1,0.1
2025-03-01 09:26:00,0.09999999999999432,0.0,0.1
2025-03-01 09:26:05,0.0,0.0,0.0
2025-03-01 09:26:10,0.09999999999999432,0.1,0.0
2025-03-01 09:26:15,0.09999999999999432,0.0,0.0
2025-03-01 09:26:20,0.09999999999999432,0.0,0.0
2025-03-01 09:26:25,0.09999999999999432,0.0,0.0
2025-03-01 09:26:30,1.4000000000000057,0.0,0.1
2025-03-01 09:26:36,0.0,0.0,0.0
2025-03-01 09:26:41,0.09999999999999432,0.0,0.0
2025-03-01 09:26:46,0.09999999999999432,0.0,0.0
2025-03-01 09:26:51,0.09999999999999432,0.1,0.0
2025-03-01 09:26:56,0.0,0.0,0.0
2025-03-01 09:27:01,0.09999999999999432,0.0,0.1
2025-03-01 09:27:06,0.0,0.0,0.0
2025-03-01 09:27:11,0.09999999999999432,0.0,0.0
2025-03-01 09:27:16,0.0,0.0,0.0
2025-03-01 09:27:21,0.09999999999999432,0.0,0.0
2025-03-01 09:27:26,0.0,0.0,0.0
2025-03-01 09:27:31,0.09999999999999432,0.0,0.0
2025-03-01 09:27:36,0.09999999999999432,0.0,0.0
2025-03-01 09:27:41,0.09999999999999432,0.0,0.0
2025-03-01 09:27:46,0.0,0.0,0.0
2025-03-01 09:27:51,0.09999999999999432,0.1,0.0
2025-03-01 09:27:56,0.09999999999999432,0.0,0.0
2025-03-01 09:28:01,0.09999999999999432,0.0,0.1
2025-03-01 09:28:06,0.0,0.0,0.0
2025-03-01 09:28:11,0.09999999999999432,0.1,0.0
2025-03-01 09:28:16,0.0,0.0,0.0
2025-03-01 09:28:21,0.09999999999999432,0.0,0.0
2025-03-01 09:28:26,0.20000000000000284,0.0,0.1
2025-03-01 09:28:31,0.0,0.0,0.0
2025-03-01 09:28:36,0.09999999999999432,0.1,0.0
2025-03-01 09:28:41,0.09999999999999432,0.0,0.1
2025-03-01 09:28:46,0.09999999999999432,0.1,0.0
2025-03-01 09:28:51,0.09999999999999432,0.0,0.1
2025-03-01 09:28:56,0.09999999999999432,0.0,0.0
2025-03-01 09:29:01,0.09999999999999432,0.0,0.0
2025-03-01 09:29:06,0.0,0.0,0.0
2025-03-01 09:29:11,0.09999999999999432,0.1,0.0
2025-03-01 09:29:16,0.09999999999999432,0.0,0.0
2025-03-01 09:29:21,0.0,0.0,0.0
2025-03-01 09:29:26,0.0,0.0,0.0
2025-03-01 09:29:31,0.0,0.0,0.0
2025-03-01 09:29:36,0.0,0.0,0.0
2025-03-01 09:29:41,0.0,0.0,0.0
2025-03-01 09:29:46,0.0,0.0,0.0
2025-03-01 09:29:51,0.09999999999999432,0.0,0.0
2025-03-01 09:29:56,0.09999999999999432,0.0,0.0
2025-03-01 09:30:01,0.09999999999999432,0.1,0.0
2025-03-01 09:30:06,0.0,0.0,0.0
2025-03-01 09:30:11,0.0,0.0,0.0
2025-03-01 09:30:16,0.09999999999999432,0.0,0.1
2025-03-01 09:30:21,0.09999999999999432,0.0,0.1
2025-03-01 09:30:26,0.09999999999999432,0.0,0.0
2025-03-01 09:30:31,0.09999999999999432,0.0,0.0
2025-03-01 09:30:36,0.09999999999999432,0.1,0.1
2025-03-01 09:30:41,0.0,0.0,0.0
2025-03-01 09:30:46,0.09999999999999432,0.0,0.1
2025-03-01 09:30:52,0.5,0.4,0.1
2025-03-01 09:30:57,0.7999999999999972,0.7,0.1
2025-03-01 09:31:02,0.09999999999999432,0.0,0.1
2025-03-01 09:31:07,0.20000000000000284,0.1,0.1
2025-03-01 09:31:12,0.09999999999999432,0.1,0.0
2025-03-01 09:31:17,0.09999999999999432,0.0,0.0
2025-03-01 09:31:22,0.09999999999999432,0.0,0.0
2025-03-01 09:31:27,0.09999999999999432,0.0,0.1
2025-03-01 09:31:32,0.09999999999999432,0.0,0.0
2025-03-01 09:31:37,0.09999999999999432,0.0,0.1
2025-03-01 09:31:42,0.0,0.0,0.0
2025-03-01 09:31:47,0.09999999999999432,0.0,0.0
2025-03-01 09:31:52,0.29999999999999716,0.1,0.1
2025-03-01 09:31:56,0.09999999999999432,0.0,0.1
2025-03-01 09:32:01,0.20000000000000284,0.2,0.0
2025-03-01 09:32:06,0.0,0.0,0.0
2025-03-01 09:32:11,0.09999999999999432,0.0,0.1
2025-03-01 09:32:17,0.09999999999999432,0.1,0.0
2025-03-01 09:32:22,0.0,0.0,0.0
2025-03-01 09:32:27,0.09999999999999432,0.0,0.0
2025-03-01 09:32:32,0.0,0.0,0.0
2025-03-01 09:32:37,0.09999999999999432,0.0,0.0
2025-03-01 09:32:42,0.09999999999999432,0.1,0.0
2025-03-01 09:32:47,0.09999999999999432,0.0,0.0
2025-03-01 09:32:52,0.09999999999999432,0.1,0.0
2025-03-01 09:32:57,0.09999999999999432,0.0,0.1
2025-03-01 09:33:02,0.09999999999999432,0.1,0.1
2025-03-01 09:33:07,0.09999999999999432,0.0,0.0
2025-03-01 09:33:12,0.09999999999999432,0.1,0.0
2025-03-01 09:33:17,0.0,0.0,0.0
2025-03-01 09:33:23,0.09999999999999432,0.1,0.0
2025-03-01 09:33:28,0.0,0.0,0.0
2025-03-01 09:33:33,0.09999999999999432,0.0,0.0
2025-03-01 09:33:37,0.20000000000000284,0.1,0.0
2025-03-01 09:33:42,0.09999999999999432,0.0,0.0
2025-03-01 09:33:47,0.09999999999999432,0.1,0.0
2025-03-01 09:33:52,0.09999999999999432,0.0,0.0
2025-03-01 09:33:57,0.0,0.0,0.0
2025-03-01 09:34:02,0.09999999999999432,0.0,0.0
2025-03-01 09:34:07,0.09999999999999432,0.0,0.0
2025-03-01 09:34:12,0.09999999999999432,0.1,0.0
2025-03-01 09:34:17,0.09999999999999432,0.0,0.1
2025-03-01 09:34:22,0.09999999999999432,0.0,0.0
2025-03-01 09:34:27,0.0,0.0,0.0
2025-03-01 09:34:32,0.09999999999999432,0.1,0.0
2025-03-01 09:34:38,0.0,0.0,0.0
2025-03-01 09:34:43,0.09999999999999432,0.0,0.0
2025-03-01 09:34:48,0.09999999999999432,0.1,0.1
2025-03-01 09:34:53,0.09999999999999432,0.0,0.0
2025-03-01 09:34:58,0.09999999999999432,0.1,0.0
2025-03-01 09:35:03,0.09999999999999432,0.0,0.0
2025-03-01 09:35:08,0.0,0.0,0.0
2025-03-01 09:35:13,0.09999999999999432,0.1,0.1
2025-03-01 09:35:18,0.29999999999999716,0.1,0.1
2025-03-01 09:35:23,0.09999999999999432,0.0,0.0
2025-03-01 09:35:28,0.29999999999999716,0.1,0.1
2025-03-01 09:35:33,0.09999999999999432,0.0,0.0
2025-03-01 09:35:38,0.20000000000000284,0.1,0.1
2025-03-01 09:35:43,0.0,0.0,0.0
2025-03-01 09:35:48,0.09999999999999432,0.0,0.0
2025-03-01 09:35:53,0.20000000000000284,0.1,0.0
2025-03-01 09:35:58,0.09999999999999432,0.0,0.0
2025-03-01 09:36:03,0.0,0.0,0.0
2025-03-01 09:36:08,0.0,0.0,0.0
2025-03-01 09:36:13,0.09999999999999432,0.1,0.0
2025-03-01 09:36:18,0.09999999999999432,0.0,0.0
2025-03-01 09:36:23,0.09999999999999432,0.0,0.1
2025-03-01 09:36:28,0.0,0.0,0.0
2025-03-01 09:36:33,0.09999999999999432,0.0,0.1
2025-03-01 09:36:38,0.0,0.0,0.0
2025-03-01 09:36:43,0.09999999999999432,0.0,0.0
2025-03-01 09:36:48,0.09999999999999432,0.1,0.1
2025-03-01 09:36:53,0.09999999999999432,0.0,0.0
2025-03-01 09:36:58,0.09999999999999432,0.1,0.0
2025-03-01 09:37:03,0.09999999999999432,0.0,0.0
2025-03-01 09:37:08,0.09999999999999432,0.0,0.0
2025-03-01 09:37:13,0.09999999999999432,0.1,0.0
2025-03-01 09:37:18,0.09999999999999432,0.1,0.0
2025-03-01 09:37:23,0.0,0.0,0.0
2025-03-01 09:37:28,0.09999999999999432,0.0,0.0
2025-03-01 09:37:34,0.0,0.0,0.0
2025-03-01 09:37:39,0.09999999999999432,0.0,0.0
2025-03-01 09:37:44,0.09999999999999432,0.0,0.1
2025-03-01 09:37:49,0.09999999999999432,0.0,0.0
2025-03-01 09:37:53,0.09999999999999432,0.0,0.0
2025-03-01 09:37:58,0.0,0.0,0.0
2025-03-01 09:38:03,0.09999999999999432,0.1,0.0
2025-03-01 09:38:08,0.09999999999999432,0.0,0.1
2025-03-01 09:38:13,0.09999999999999432,0.0,0.0
2025-03-01 09:38:18,0.09999999999999432,0.0,0.0
2025-03-01 09:38:23,0.09999999999999432,0.1,0.0
2025-03-01 09:38:28,0.09999999999999432,0.0,0.0
2025-03-01 09:38:33,0.0,0.0,0.0
2025-03-01 09:38:38,0.09999999999999432,0.0,0.0
2025-03-01 09:38:43,0.29999999999999716,0.1,0.1
2025-03-01 09:38:48,0.0,0.0,0.0
2025-03-01 09:38:53,0.20000000000000284,0.1,0.1
2025-03-01 09:38:59,0.09999999999999432,0.1,0.0
2025-03-01 09:39:04,0.20000000000000284,0.1,0.1
2025-03-01 09:39:09,0.09999999999999432,0.0,0.1
2025-03-01 09:39:14,0.20000000000000284,0.0,0.1
2025-03-01 09:39:19,0.09999999999999432,0.0,0.1
2025-03-01 09:39:24,0.0,0.0,0.0
2025-03-01 09:39:29,0.0,0.0,0.0
2025-03-01 09:39:34,0.09999999999999432,0.0,0.0
2025-03-01 09:39:39,0.09999999999999432,0.0,0.0
2025-03-01 09:39:44,0.09999999999999432,0.0,0.0
2025-03-01 09:39:49,0.09999999999999432,0.0,0.0
2025-03-01 09:39:54,0.0,0.0,0.0
2025-03-01 09:39:59,0.09999999999999432,0.0,0.0
2025-03-01 09:40:04,0.09999999999999432,0.0,0.0
2025-03-01 09:40:09,0.0,0.0,0.0
2025-03-01 09:40:14,0.09999999999999432,0.1,0.1
2025-03-01 09:40:19,0.09999999999999432,0.0,0.1
2025-03-01 09:40:24,0.09999999999999432,0.0,0.1
2025-03-01 09:40:29,0.09999999999999432,0.0,0.1
2025-03-01 09:40:34,0.09999999999999432,0.0,0.0
2025-03-01 09:40:39,0.09999999999999432,0.0,0.0
2025-03-01 09:40:44,0.09999999999999432,0.0,0.0
2025-03-01 09:40:49,0.09999999999999432,0.0,0.0
2025-03-01 09:40:54,0.09999999999999432,0.1,0.0
2025-03-01 09:40:59,0.09999999999999432,0.0,0.1
2025-03-01 09:41:04,0.09999999999999432,0.0,0.1
2025-03-01 09:41:09,0.09999999999999432,0.1,0.1
2025-03-01 09:41:14,0.09999999999999432,0.1,0.0
2025-03-01 09:41:19,0.09999999999999432,0.0,0.0
2025-03-01 09:41:24,0.0,0.0,0.0
2025-03-01 09:41:29,0.09999999999999432,0.0,0.0
2025-03-01 09:41:34,0.09999999999999432,0.0,0.0
2025-03-01 09:41:39,0.0,0.0,0.0
2025-03-01 09:41:44,0.0,0.0,0.0
2025-03-01 09:41:49,0.09999999999999432,0.0,0.1
2025-03-01 09:41:55,0.09999999999999432,0.0,0.0
2025-03-01 09:42:00,0.09999999999999432,0.0,0.0
2025-03-01 09:42:05,0.0,0.0,0.0
2025-03-01 09:42:09,0.4000000000000057,0.2,0.0
2025-03-01 09:42:14,0.09999999999999432,0.0,0.0
2025-03-01 09:42:19,0.20000000000000284,0.1,0.1
2025-03-01 09:42:24,0.09999999999999432,0.0,0.0
2025-03-01 09:42:29,0.20000000000000284,0.1,0.1
2025-03-01 09:42:34,0.20000000000000284,0.0,0.1
2025-03-01 09:42:39,0.09999999999999432,0.0,0.0
2025-03-01 09:42:44,0.09999999999999432,0.0,0.1
2025-03-01 09:42:49,0.09999999999999432,0.0,0.0
2025-03-01 09:42:54,0.09999999999999432,0.0,0.0
2025-03-01 09:42:59,0.09999999999999432,0.0,0.0
2025-03-01 09:43:04,0.20000000000000284,0.1,0.1
2025-03-01 09:43:09,0.0,0.0,0.0
2025-03-01 09:43:15,0.20000000000000284,0.1,0.1
2025-03-01 09:43:20,0.09999999999999432,0.1,0.1
2025-03-01 09:43:25,0.09999999999999432,0.1,0.0
2025-03-01 09:43:30,0.09999999999999432,0.0,0.0
2025-03-01 09:43:35,0.0,0.0,0.0
2025-03-01 09:43:40,0.09999999999999432,0.0,0.1
2025-03-01 09:43:45,0.09999999999999432,0.0,0.1
2025-03-01 09:43:50,0.09999999999999432,0.0,0.0
2025-03-01 09:43:55,0.0,0.0,0.0
2025-03-01 09:44:00,0.20000000000000284,0.1,0.1
2025-03-01 09:44:05,0.0,0.0,0.0
2025-03-01 09:44:10,0.09999999999999432,0.0,0.0
2025-03-01 09:44:15,0.09999999999999432,0.0,0.1
2025-03-01 09:44:20,0.09999999999999432,0.0,0.1
2025-03-01 09:44:25,0.0,0.0,0.0
2025-03-01 09:44:30,0.09999999999999432,0.1,0.0
2025-03-01 09:44:35,0.09999999999999432,0.0,0.0
2025-03-01 09:44:40,0.0,0.0,0.0
2025-03-01 09:44:45,0.0,0.0,0.0
2025-03-01 09:44:50,0.09999999999999432,0.0,0.0
2025-03-01 09:44:55,0.09999999999999432,0.0,0.0
2025-03-01 09:45:00,0.09999999999999432,0.0,0.0
2025-03-01 09:45:05,0.09999999999999432,0.1,0.0
2025-03-01 09:45:11,0.09999999999999432,0.0,0.0
2025-03-01 09:45:16,0.09999999999999432,0.0,0.1
2025-03-01 09:45:21,0.09999999999999432,0.1,0.0
2025-03-01 09:45:26,0.0,0.0,0.0
2025-03-01 09:45:31,0.09999999999999432,0.0,0.0
2025-03-01 09:45:36,0.29999999999999716,0.1,0.1
2025-03-01 09:45:41,0.09999999999999432,0.1,0.0
2025-03-01 09:45:46,0.20000000000000284,0.1,0.1
2025-03-01 09:45:51,0.09999999999999432,0.0,0.1
2025-03-01 09:45:55,0.20000000000000284,0.1,0.0
2025-03-01 09:46:00,0.09999999999999432,0.1,0.0
2025-03-01 09:46:05,0.0,0.0,0.0
2025-03-01 09:46:10,0.09999999999999432,0.1,0.0
2025-03-01 09:46:15,0.09999999999999432,0.0,0.0
2025-03-01 09:46:20,0.09999999999999432,0.1,0.0
2025-03-01 09:46:25,0.09999999999999432,0.0,0.0
2025-03-01 09:46:30,0.09999999999999432,0.0,0.0
2025-03-01 09:46:35,0.09999999999999432,0.0,0.1
2025-03-01 09:46:40,0.09999999999999432,0.0,0.0
2025-03-01 09:46:45,0.0,0.0,0.0
2025-03-01 09:46:50,0.0,0.0,0.0
2025-03-01 09:46:55,0.09999999999999432,0.0,0.1
2025-03-01 09:47:01,0.20000000000000284,0.0,0.1
2025-03-01 09:47:06,0.09999999999999432,0.0,0.1
2025-03-01 09:47:11,0.20000000000000284,0.1,0.1
2025-03-01 09:47:16,0.20000000000000284,0.1,0.1
2025-03-01 09:47:21,0.09999999999999432,0.0,0.0
2025-03-01 09:47:26,0.09999999999999432,0.0,0.0
2025-03-01 09:47:31,0.0,0.0,0.0
2025-03-01 09:47:36,0.09999999999999432,0.0,0.0
2025-03-01 09:47:41,0.09999999999999432,0.0,0.0
2025-03-01 09:47:46,0.09999999999999432,0.0,0.0
2025-03-01 09:47:51,0.09999999999999432,0.0,0.0
2025-03-01 09:47:56,0.0,0.0,0.0
2025-03-01 09:48:01,0.09999999999999432,0.1,0.0
2025-03-01 09:48:06,0.09999999999999432,0.1,0.0
2025-03-01 09:48:11,0.09999999999999432,0.1,0.0
2025-03-01 09:48:16,0.0,0.0,0.0
2025-03-01 09:48:21,0.09999999999999432,0.0,0.1
2025-03-01 09:48:26,0.09999999999999432,0.1,0.0
2025-03-01 09:48:31,0.0,0.0,0.0
2025-03-01 09:48:36,0.09999999999999432,0.0,0.0
2025-03-01 09:48:41,0.09999999999999432,0.0,0.0
2025-03-01 09:48:46,0.09999999999999432,0.0,0.0
2025-03-01 09:48:51,0.09999999999999432,0.0,0.0
2025-03-01 09:48:56,0.09999999999999432,0.0,0.1
2025-03-01 09:49:01,0.29999999999999716,0.1,0.1
2025-03-01 09:49:06,0.20000000000000284,0.1,0.1
2025-03-01 09:49:11,0.29999999999999716,0.1,0.1
2025-03-01 09:49:16,0.09999999999999432,0.0,0.0
2025-03-01 09:49:21,0.09999999999999432,0.1,0.1
2025-03-01 09:49:26,0.09999999999999432,0.0,0.0
2025-03-01 09:49:31,0.09999999999999432,0.0,0.0
2025-03-01 09:49:37,0.0,0.0,0.0
2025-03-01 09:49:42,0.09999999999999432,0.0,0.0
2025-03-01 09:49:47,0.0,0.0,0.0
2025-03-01 09:49:52,0.09999999999999432,0.0,0.0
2025-03-01 09:49:57,0.0,0.0,0.0
2025-03-01 09:50:02,0.09999999999999432,0.1,0.0
2025-03-01 09:50:07,0.09999999999999432,0.0,0.0
2025-03-01 09:50:12,0.09999999999999432,0.1,0.0
2025-03-01 09:50:16,0.09999999999999432,0.0,0.0
2025-03-01 09:50:21,0.09999999999999432,0.0,0.0
2025-03-01 09:50:26,0.09999999999999432,0.0,0.1
2025-03-01 09:50:31,0.09999999999999432,0.0,0.0
2025-03-01 09:50:36,0.09999999999999432,0.0,0.0
2025-03-01 09:50:41,0.09999999999999432,0.0,0.0
2025-03-01 09:50:46,0.0,0.0,0.0
2025-03-01 09:50:51,0.09999999999999432,0.1,0.0
2025-03-01 09:50:56,0.09999999999999432,0.0,0.0
2025-03-01 09:51:01,0.09999999999999432,0.0,0.0
2025-03-01 09:51:06,0.09999999999999432,0.0,0.1
2025-03-01 09:51:11,0.20000000000000284,0.1,0.1
2025-03-01 09:51:16,0.09999999999999432,0.1,0.1
2025-03-01 09:51:22,0.09999999999999432,0.0,0.0
2025-03-01 09:51:27,0.09999999999999432,0.0,0.1
2025-03-01 09:51:32,0.20000000000000284,0.1,0.1
2025-03-01 09:51:37,0.09999999999999432,0.1,0.0
2025-03-01 09:51:42,0.09999999999999432,0.0,0.1
2025-03-01 09:51:47,0.09999999999999432,0.0,0.1
2025-03-01 09:51:52,4.200000000000003,3.7,0.5
2025-03-01 09:51:57,0.9000000000000057,0.6,0.2
2025-03-01 09:52:02,1.4000000000000057,1.1,0.2
2025-03-01 09:52:07,3.9000000000000057,3.2,0.6
2025-03-01 09:52:12,5.400000000000006,4.9,0.5
2025-03-01 09:52:17,2.9000000000000057,2.4,0.4
2025-03-01 09:52:22,1.2999999999999972,1.0,0.2
2025-03-01 09:52:27,2.0999999999999943,1.8,0.2
2025-03-01 09:52:32,2.4000000000000057,2.2,0.2
2025-03-01 09:52:37,1.7999999999999972,1.6,0.2
2025-03-01 09:52:42,0.29999999999999716,0.3,0.1
2025-03-01 09:52:47,0.29999999999999716,0.2,0.0
2025-03-01 09:52:52,0.20000000000000284,0.1,0.0
2025-03-01 09:52:57,0.20000000000000284,0.1,0.1
2025-03-01 09:53:02,0.20000000000000284,0.2,0.0
2025-03-01 09:53:07,0.29999999999999716,0.2,0.1
2025-03-01 09:53:12,0.20000000000000284,0.1,0.1
2025-03-01 09:53:17,0.29999999999999716,0.2,0.1
2025-03-01 09:53:22,0.29999999999999716,0.2,0.1
2025-03-01 09:53:27,0.20000000000000284,0.1,0.1
2025-03-01 09:53:32,0.09999999999999432,0.0,0.1
2025-03-01 09:53:37,0.20000000000000284,0.1,0.1
2025-03-01 09:53:42,0.09999999999999432,0.0,0.0
2025-03-01 09:53:47,0.09999999999999432,0.1,0.1
2025-03-01 09:53:52,0.09999999999999432,0.0,0.1
2025-03-01 09:53:58,0.09999999999999432,0.0,0.1
2025-03-01 09:54:03,0.09999999999999432,0.1,0.0
2025-03-01 09:54:08,0.09999999999999432,0.0,0.0
2025-03-01 09:54:13,0.09999999999999432,0.1,0.0
2025-03-01 09:54:18,0.09999999999999432,0.1,0.1
2025-03-01 09:54:23,0.0,0.0,0.0
2025-03-01 09:54:28,0.09999999999999432,0.0,0.0
2025-03-01 09:54:32,0.09999999999999432,0.0,0.0
2025-03-01 09:54:37,0.09999999999999432,0.0,0.1
2025-03-01 09:54:42,0.09999999999999432,0.1,0.0
2025-03-01 09:54:47,0.09999999999999432,0.0,0.0
2025-03-01 09:54:52,0.09999999999999432,0.0,0.0
2025-03-01 09:54:57,0.09999999999999432,0.0,0.0
2025-03-01 09:55:02,0.20000000000000284,0.1,0.1
2025-03-01 09:55:07,0.09999999999999432,0.0,0.1
2025-03-01 09:55:12,0.09999999999999432,0.0,0.1
2025-03-01 09:55:17,0.09999999999999432,0.1,0.0
2025-03-01 09:55:22,0.09999999999999432,0.0,0.0
2025-03-01 09:55:27,0.09999999999999432,0.0,0.1
2025-03-01 09:55:32,0.09999999999999432,0.0,0.0
2025-03-01 09:55:38,0.09999999999999432,0.1,0.0
2025-03-01 09:55:43,0.09999999999999432,0.0,0.0
2025-03-01 09:55:48,0.20000000000000284,0.1,0.1
2025-03-01 09:55:53,0.4000000000000057,0.1,0.1
2025-03-01 09:55:58,0.09999999999999432,0.0,0.0
2025-03-01 09:56:03,0.20000000000000284,0.1,0.1
2025-03-01 09:56:08,0.09999999999999432,0.0,0.1
2025-03-01 09:56:13,0.20000000000000284,0.1,0.0
2025-03-01 09:56:18,0.09999999999999432,0.1,0.0
2025-03-01 09:56:23,0.0,0.0,0.0
2025-03-01 09:56:28,0.09999999999999432,0.0,0.0
2025-03-01 09:56:33,0.09999999999999432,0.0,0.0
2025-03-01 09:56:38,0.09999999999999432,0.0,0.0
2025-03-01 09:56:43,0.09999999999999432,0.1,0.1
2025-03-01 09:56:48,0.09999999999999432,0.0,0.1
2025-03-01 09:56:53,0.09999999999999432,0.1,0.0
2025-03-01 09:56:58,0.09999999999999432,0.0,0.0
2025-03-01 09:57:03,0.09999999999999432,0.0,0.1
2025-03-01 09:57:08,0.09999999999999432,0.0,0.1
2025-03-01 09:57:13,0.09999999999999432,0.1,0.0
2025-03-01 09:57:18,0.09999999999999432,0.0,0.1
2025-03-01 09:57:23,0.09999999999999432,0.0,0.0
2025-03-01 09:57:28,0.09999999999999432,0.0,0.0
2025-03-01 09:57:33,0.09999999999999432,0.0,0.0
2025-03-01 09:57:38,0.0,0.0,0.0
2025-03-01 09:57:43,0.09999999999999432,0.0,0.0
2025-03-01 09:57:49,0.0,0.0,0.0
2025-03-01 09:57:54,0.09999999999999432,0.0,0.1
2025-03-01 09:57:59,0.09999999999999432,0.1,0.0
2025-03-01 09:58:04,0.09999999999999432,0.0,0.0
2025-03-01 09:58:09,0.09999999999999432,0.0,0.0
2025-03-01 09:58:14,0.09999999999999432,0.1,0.0
2025-03-01 09:58:19,0.09999999999999432,0.0,0.0
2025-03-01 09:58:24,0.09999999999999432,0.0,0.0
2025-03-01 09:58:29,0.0,0.0,0.0
2025-03-01 09:58:34,0.09999999999999432,0.0,0.0
2025-03-01 09:58:39,0.09999999999999432,0.0,0.0
2025-03-01 09:58:44,0.09999999999999432,0.0,0.0
2025-03-01 09:58:49,0.09999999999999432,0.0,0.0
2025-03-01 09:58:53,0.09999999999999432,0.0,0.0
2025-03-01 09:58:58,0.09999999999999432,0.0,0.0
2025-03-01 09:59:03,0.09999999999999432,0.1,0.0
2025-03-01 09:59:08,0.09999999999999432,0.0,0.0
2025-03-01 09:59:13,0.09999999999999432,0.1,0.0
2025-03-01 09:59:18,0.5,0.2,0.1
2025-03-01 09:59:23,0.20000000000000284,0.0,0.1
2025-03-01 09:59:28,0.20000000000000284,0.1,0.1
2025-03-01 09:59:33,0.09999999999999432,0.0,0.0
2025-03-01 09:59:39,0.20000000000000284,0.1,0.0
2025-03-01 09:59:44,0.09999999999999432,0.0,0.1
2025-03-01 09:59:49,0.09999999999999432,0.0,0.0
2025-03-01 09:59:54,0.09999999999999432,0.1,0.1
2025-03-01 09:59:59,0.09999999999999432,0.0,0.1
2025-03-01 10:00:04,0.09999999999999432,0.1,0.0
2025-03-01 10:00:09,0.09999999999999432,0.0,0.1
2025-03-01 10:00:14,0.09999999999999432,0.0,0.0
2025-03-01 10:00:19,0.0,0.0,0.0
2025-03-01 10:00:24,0.09999999999999432,0.0,0.1
2025-03-01 10:00:29,0.09999999999999432,0.0,0.0
2025-03-01 10:00:34,0.09999999999999432,0.1,0.0
2025-03-01 10:00:39,0.0,0.0,0.0
2025-03-01 10:00:44,0.09999999999999432,0.0,0.0
2025-03-01 10:00:49,0.09999999999999432,0.0,0.0
2025-03-01 10:00:54,0.09999999999999432,0.0,0.1
2025-03-01 10:00:59,0.09999999999999432,0.0,0.1
2025-03-01 10:01:04,0.09999999999999432,0.0,0.1
2025-03-01 10:01:09,0.09999999999999432,0.1,0.0
2025-03-01 10:01:14,0.09999999999999432,0.1,0.0
2025-03-01 10:01:19,0.09999999999999432,0.0,0.0
2025-03-01 10:01:24,0.09999999999999432,0.0,0.0
2025-03-01 10:01:29,0.09999999999999432,0.1,0.1
2025-03-01 10:01:34,0.09999999999999432,0.0,0.0
2025-03-01 10:01:39,0.09999999999999432,0.0,0.0
2025-03-01 10:01:44,0.29999999999999716,0.2,0.1
2025-03-01 10:01:49,0.29999999999999716,0.1,0.1
2025-03-01 10:01:54,0.09999999999999432,0.1,0.0
2025-03-01 10:01:59,0.09999999999999432,0.1,0.0
2025-03-01 10:02:05,0.20000000000000284,0.1,0.1
2025-03-01 10:02:10,0.09999999999999432,0.1,0.0
2025-03-01 10:02:15,0.20000000000000284,0.1,0.1
2025-03-01 10:02:20,0.09999999999999432,0.0,0.1
2025-03-01 10:02:25,0.0,0.0,0.0
2025-03-01 10:02:30,0.09999999999999432,0.1,0.0
2025-03-01 10:02:35,0.20000000000000284,0.0,0.1
2025-03-01 10:02:40,0.09999999999999432,0.0,0.0
2025-03-01 10:02:45,0.29999999999999716,0.1,0.1
2025-03-01 10:02:50,0.20000000000000284,0.1,0.1
2025-03-01 10:02:55,0.20000000000000284,0.1,0.0
2025-03-01 10:03:00,0.20000000000000284,0.1,0.1
2025-03-01 10:03:05,0.09999999999999432,0.1,0.0
2025-03-01 10:03:09,0.09999999999999432,0.0,0.1
2025-03-01 10:03:14,0.09999999999999432,0.0,0.1
2025-03-01 10:03:19,0.20000000000000284,0.1,0.0
2025-03-01 10:03:25,0.0,0.0,0.0
2025-03-01 10:03:30,0.09999999999999432,0.1,0.0
2025-03-01 10:03:35,0.0,0.0,0.0
2025-03-01 10:03:40,0.09999999999999432,0.1,0.0
2025-03-01 10:03:45,0.09999999999999432,0.0,0.0
2025-03-01 10:03:50,0.0,0.0,0.0
2025-03-01 10:03:55,0.0,0.0,0.0
2025-03-01 10:04:00,0.09999999999999432,0.0,0.1
2025-03-01 10:04:05,0.09999999999999432,0.1,0.0
2025-03-01 10:04:10,0.09999999999999432,0.0,0.0
2025-03-01 10:04:15,0.20000000000000284,0.1,0.1
2025-03-01 10:04:20,0.20000000000000284,0.0,0.1
2025-03-01 10:04:25,0.20000000000000284,0.1,0.1
2025-03-01 10:04:30,0.09999999999999432,0.0,0.1
2025-03-01 10:04:35,0.09999999999999432,0.0,0.1
2025-03-01 10:04:40,0.09999999999999432,0.1,0.1
2025-03-01 10:04:45,0.09999999999999432,0.0,0.0
2025-03-01 10:04:50,0.09999999999999432,0.0,0.1
2025-03-01 10:04:55,0.0,0.0,0.0
2025-03-01 10:05:00,0.09999999999999432,0.0,0.1
2025-03-01 10:05:05,0.09999999999999432,0.1,0.0
2025-03-01 10:05:10,0.09999999999999432,0.1,0.0
2025-03-01 10:05:16,0.09999999999999432,0.1,0.0
2025-03-01 10:05:20,0.09999999999999432,0.0,0.1
2025-03-01 10:05:25,0.09999999999999432,0.1,0.0
2025-03-01 10:05:30,0.09999999999999432,0.1,0.0
2025-03-01 10:05:35,0.09999999999999432,0.0,0.0
2025-03-01 10:05:40,0.09999999999999432,0.0,0.1
2025-03-01 10:05:45,0.09999999999999432,0.0,0.0
2025-03-01 10:05:50,0.09999999999999432,0.0,0.1
2025-03-01 10:05:55,0.0,0.0,0.0
2025-03-01 10:06:00,0.09999999999999432,0.0,0.0
2025-03-01 10:06:05,0.09999999999999432,0.0,0.0
2025-03-01 10:06:10,0.4000000000000057,0.2,0.1
2025-03-01 10:06:15,0.09999999999999432,0.0,0.0
2025-03-01 10:06:21,0.20000000000000284,0.2,0.0
2025-03-01 10:06:26,0.09999999999999432,0.0,0.0
2025-03-01 10:06:31,0.20000000000000284,0.1,0.0
2025-03-01 10:06:36,0.09999999999999432,0.1,0.0
2025-03-01 10:06:41,0.09999999999999432,0.0,0.1
2025-03-01 10:06:46,0.09999999999999432,0.0,0.0
2025-03-01 10:06:51,0.09999999999999432,0.0,0.0
2025-03-01 10:06:56,0.09999999999999432,0.0,0.0
2025-03-01 10:07:01,0.09999999999999432,0.0,0.0
2025-03-01 10:07:06,0.0,0.0,0.0
2025-03-01 10:07:11,0.20000000000000284,0.1,0.1
2025-03-01 10:07:16,0.09999999999999432,0.0,0.0
2025-03-01 10:07:21,0.09999999999999432,0.0,0.0
2025-03-01 10:07:26,0.09999999999999432,0.1,0.0
2025-03-01 10:07:31,0.09999999999999432,0.0,0.0
2025-03-01 10:07:36,0.09999999999999432,0.1,0.0
2025-03-01 10:07:41,0.09999999999999432,0.0,0.1
2025-03-01 10:07:46,0.09999999999999432,0.0,0.1
2025-03-01 10:07:51,0.09999999999999432,0.0,0.1
2025-03-01 10:07:56,0.0,0.0,0.0
2025-03-01 10:08:01,0.09999999999999432,0.1,0.0
2025-03-01 10:08:06,0.09999999999999432,0.1,0.0
2025-03-01 10:08:11,0.09999999999999432,0.1,0.0
2025-03-01 10:08:16,0.09999999999999432,0.0,0.0
2025-03-01 10:08:21,0.09999999999999432,0.0,0.0
2025-03-01 10:08:26,0.20000000000000284,0.1,0.1
2025-03-01 10:08:31,0.09999999999999432,0.0,0.1
2025-03-01 10:08:36,0.09999999999999432,0.0,0.0
2025-03-01 10:08:41,0.09999999999999432,0.1,0.0
2025-03-01 10:08:46,0.09999999999999432,0.0,0.0
2025-03-01 10:08:51,0.09999999999999432,0.0,0.0
2025-03-01 10:08:56,0.09999999999999432,0.0,0.0
2025-03-01 10:09:02,0.20000000000000284,0.1,0.1
2025-03-01 10:09:07,0.09999999999999432,0.0,0.1
2025-03-01 10:09:12,0.20000000000000284,0.1,0.1
2025-03-01 10:09:17,0.09999999999999432,0.0,0.0
2025-03-01 10:09:22,0.09999999999999432,0.0,0.0
2025-03-01 10:09:27,0.0,0.0,0.0
2025-03-01 10:09:32,0.09999999999999432,0.0,0.0
2025-03-01 10:09:36,0.4000000000000057,0.1,0.1
2025-03-01 10:09:41,0.09999999999999432,0.0,0.1
2025-03-01 10:09:46,0.29999999999999716,0.1,0.1
2025-03-01 10:09:51,0.09999999999999432,0.0,0.1
2025-03-01 10:09:56,0.20000000000000284,0.1,0.0
2025-03-01 10:10:01,0.09999999999999432,0.0,0.1
2025-03-01 10:10:06,0.09999999999999432,0.0,0.0
2025-03-01 10:10:11,0.09999999999999432,0.1,0.0
2025-03-01 10:10:16,0.09999999999999432,0.0,0.0
2025-03-01 10:10:21,0.20000000000000284,0.1,0.1
2025-03-01 10:10:26,0.09999999999999432,0.0,0.1
2025-03-01 10:10:31,0.09999999999999432,0.0,0.0
2025-03-01 10:10:36,0.09999999999999432,0.0,0.0
2025-03-01 10:10:42,0.20000000000000284,0.0,0.1
2025-03-01 10:10:47,0.20000000000000284,0.1,0.1
2025-03-01 10:10:52,0.09999999999999432,0.1,0.0
2025-03-01 10:10:57,0.09999999999999432,0.0,0.0
2025-03-01 10:11:02,0.09999999999999432,0.1,0.0
2025-03-01 10:11:07,0.09999999999999432,0.0,0.0
2025-03-01 10:11:12,0.20000000000000284,0.1,0.0
2025-03-01 10:11:17,0.09999999999999432,0.0,0.0
2025-03-01 10:11:22,0.09999999999999432,0.0,0.0
2025-03-01 10:11:27,0.09999999999999432,0.0,0.0
2025-03-01 10:11:32,0.09999999999999432,0.0,0.0
2025-03-01 10:11:37,0.09999999999999432,0.0,0.1
2025-03-01 10:11:42,0.09999999999999432,0.0,0.0
2025-03-01 10:11:47,0.20000000000000284,0.1,0.1
2025-03-01 10:11:52,0.09999999999999432,0.1,0.0
2025-03-01 10:11:57,0.20000000000000284,0.1,0.1
2025-03-01 10:12:02,0.09999999999999432,0.1,0.1
2025-03-01 10:12:07,0.09999999999999432,0.0,0.1
2025-03-01 10:12:12,0.09999999999999432,0.1,0.0
2025-03-01 10:12:17,0.09999999999999432,0.1,0.1
2025-03-01 10:12:22,0.0,0.0,0.0
2025-03-01 10:12:27,0.09999999999999432,0.0,0.1
2025-03-01 10:12:32,0.0,0.0,0.0
2025-03-01 10:12:37,0.09999999999999432,0.0,0.1
2025-03-01 10:12:42,0.09999999999999432,0.0,0.1
2025-03-01 10:12:48,0.09999999999999432,0.1,0.0
2025-03-01 10:12:53,0.09999999999999432,0.0,0.0
2025-03-01 10:12:58,0.09999999999999432,0.0,0.1
2025-03-01 10:13:03,0.4000000000000057,0.2,0.1
2025-03-01 10:13:08,0.09999999999999432,0.0,0.1
2025-03-01 10:13:13,0.29999999999999716,0.2,0.1
2025-03-01 10:13:18,0.09999999999999432,0.0,0.1
2025-03-01 10:13:23,0.20000000000000284,0.1,0.1
2025-03-01 10:13:28,0.09999999999999432,0.1,0.0
2025-03-01 10:13:33,0.0,0.0,0.0
2025-03-01 10:13:38,0.09999999999999432,0.0,0.0
2025-03-01 10:13:43,0.0,0.0,0.0
2025-03-01 10:13:48,0.09999999999999432,0.1,0.0
2025-03-01 10:13:52,0.09999999999999432,0.0,0.0
2025-03-01 10:13:57,0.09999999999999432,0.0,0.1
2025-03-01 10:14:02,0.09999999999999432,0.1,0.0
2025-03-01 10:14:07,0.09999999999999432,0.0,0.1
2025-03-01 10:14:12,0.09999999999999432,0.1,0.1
2025-03-01 10:14:17,0.09999999999999432,0.1,0.0
2025-03-01 10:14:22,0.09999999999999432,0.0,0.0
2025-03-01 10:14:27,0.09999999999999432,0.0,0.0
2025-03-01 10:14:32,0.09999999999999432,0.0,0.0
2025-03-01 10:14:37,0.09999999999999432,0.0,0.0
2025-03-01 10:14:42,0.09999999999999432,0.1,0.1
2025-03-01 10:14:48,0.09999999999999432,0.0,0.1
2025-03-01 10:14:53,0.0,0.0,0.0
2025-03-01 10:14:58,0.20000000000000284,0.1,0.1
2025-03-01 10:15:03,0.09999999999999432,0.0,0.0
2025-03-01 10:15:08,0.09999999999999432,0.1,0.0
2025-03-01 10:15:13,0.09999999999999432,0.1,0.0
2025-03-01 10:15:18,0.09999999999999432,0.1,0.0
2025-03-01 10:15:23,0.09999999999999432,0.0,0.0
2025-03-01 10:15:28,0.09999999999999432,0.0,0.1
2025-03-01 10:15:33,0.0,0.0,0.0
2025-03-01 10:15:38,0.09999999999999432,0.0,0.1
2025-03-01 10:15:43,0.09999999999999432,0.0,0.0
2025-03-01 10:15:48,0.0,0.0,0.0
2025-03-01 10:15:53,0.09999999999999432,0.0,0.1
2025-03-01 10:15:58,0.09999999999999432,0.1,0.1
2025-03-01 10:16:03,0.09999999999999432,0.1,0.0
2025-03-01 10:16:08,0.09999999999999432,0.0,0.0
2025-03-01 10:16:13,0.20000000000000284,0.1,0.1
2025-03-01 10:16:18,0.09999999999999432,0.0,0.0
2025-03-01 10:16:23,0.09999999999999432,0.0,0.1
2025-03-01 10:16:28,0.4000000000000057,0.1,0.1
2025-03-01 10:16:33,0.09999999999999432,0.0,0.0
2025-03-01 10:16:38,0.29999999999999716,0.2,0.1
2025-03-01 10:16:43,0.09999999999999432,0.0,0.0
2025-03-01 10:16:48,0.20000000000000284,0.1,0.1
2025-03-01 10:16:53,0.09999999999999432,0.0,0.1
2025-03-01 10:16:58,0.09999999999999432,0.0,0.1
2025-03-01 10:17:03,0.20000000000000284,0.1,0.1
2025-03-01 10:17:09,0.20000000000000284,0.1,0.1
2025-03-01 10:17:14,0.20000000000000284,0.1,0.1
2025-03-01 10:17:19,0.09999999999999432,0.0,0.0
2025-03-01 10:17:24,0.09999999999999432,0.1,0.0
2025-03-01 10:17:29,0.09999999999999432,0.0,0.0
2025-03-01 10:17:34,0.20000000000000284,0.0,0.1
2025-03-01 10:17:39,0.09999999999999432,0.0,0.0
2025-03-01 10:17:44,0.0,0.0,0.0
2025-03-01 10:17:49,0.09999999999999432,0.0,0.1
2025-03-01 10:17:54,0.09999999999999432,0.0,0.0
2025-03-01 10:17:59,0.09999999999999432,0.0,0.0
2025-03-01 10:18:04,0.09999999999999432,0.0,0.0
2025-03-01 10:18:09,0.09999999999999432,0.0,0.1
2025-03-01 10:18:13,0.20000000000000284,0.2,0.1
2025-03-01 10:18:18,0.09999999999999432,0.0,0.1
2025-03-01 10:18:23,0.20000000000000284,0.1,0.1
2025-03-01 10:18:28,0.20000000000000284,0.1,0.1
2025-03-01 10:18:34,0.09999999999999432,0.0,0.1
2025-03-01 10:18:39,0.09999999999999432,0.1,0.0
2025-03-01 10:18:44,0.09999999999999432,0.0,0.0
2025-03-01 10:18:49,0.09999999999999432,0.0,0.0
2025-03-01 10:18:54,0.09999999999999432,0.0,0.0
2025-03-01 10:18:59,0.09999999999999432,0.0,0.0
2025-03-01 10:19:04,0.09999999999999432,0.1,0.0
2025-03-01 10:19:09,0.09999999999999432,0.0,0.0
2025-03-01 10:19:14,0.20000000000000284,0.1,0.0
2025-03-01 10:19:19,0.20000000000000284,0.1,0.1
2025-03-01 10:19:24,0.09999999999999432,0.1,0.0
2025-03-01 10:19:29,0.09999999999999432,0.1,0.0
2025-03-01 10:19:34,0.09999999999999432,0.0,0.1
2025-03-01 10:19:39,0.09999999999999432,0.0,0.0
2025-03-01 10:19:44,0.09999999999999432,0.0,0.0
2025-03-01 10:19:49,0.09999999999999432,0.0,0.0
2025-03-01 10:19:54,0.29999999999999716,0.1,0.1
2025-03-01 10:19:59,0.09999999999999432,0.0,0.0
2025-03-01 10:20:04,0.20000000000000284,0.1,0.1
2025-03-01 10:20:09,0.09999999999999432,0.0,0.0
2025-03-01 10:20:14,0.09999999999999432,0.0,0.1
2025-03-01 10:20:19,0.09999999999999432,0.1,0.0
2025-03-01 10:20:24,0.09999999999999432,0.0,0.1
2025-03-01 10:20:29,0.09999999999999432,0.0,0.1
2025-03-01 10:20:34,0.09999999999999432,0.1,0.0
2025-03-01 10:20:39,0.09999999999999432,0.0,0.1
2025-03-01 10:20:44,0.09999999999999432,0.0,0.0
2025-03-01 10:20:49,0.20000000000000284,0.1,0.1
2025-03-01 10:20:54,0.09999999999999432,0.0,0.0
2025-03-01 10:20:59,0.09999999999999432,0.0,0.0
2025-03-01 10:21:04,0.09999999999999432,0.1,0.1
2025-03-01 10:21:09,0.09999999999999432,0.1,0.0
2025-03-01 10:21:14,0.20000000000000284,0.1,0.0
2025-03-01 10:21:19,0.09999999999999432,0.0,0.1
2025-03-01 10:21:25,0.20000000000000284,0.1,0.1
2025-03-01 10:21:30,0.09999999999999432,0.0,0.1
2025-03-01 10:21:35,0.20000000000000284,0.1,0.0
2025-03-01 10:21:40,0.09999999999999432,0.0,0.0
2025-03-01 10:21:45,0.09999999999999432,0.0,0.0
2025-03-01 10:21:50,0.09999999999999432,0.0,0.0
2025-03-01 10:21:55,0.09999999999999432,0.1,0.0
2025-03-01 10:22:00,0.09999999999999432,0.0,0.1
2025-03-01 10:22:05,0.09999999999999432,0.1,0.0
2025-03-01 10:22:10,0.09999999999999432,0.0,0.0
2025-03-01 10:22:15,0.09999999999999432,0.1,0.1
2025-03-01 10:22:20,0.20000000000000284,0.1,0.1
2025-03-01 10:22:25,0.09999999999999432,0.0,0.0
2025-03-01 10:22:30,0.09999999999999432,0.0,0.1
2025-03-01 10:22:35,0.09999999999999432,0.0,0.1
2025-03-01 10:22:40,0.20000000000000284,0.1,0.1
2025-03-01 10:22:45,0.20000000000000284,0.1,0.1
2025-03-01 10:22:50,0.09999999999999432,0.0,0.1
2025-03-01 10:22:55,0.20000000000000284,0.0,0.1
2025-03-01 10:23:00,0.09999999999999432,0.0,0.1
2025-03-01 10:23:05,0.09999999999999432,0.0,0.0
2025-03-01 10:23:10,0.09999999999999432,0.0,0.1
2025-03-01 10:23:15,0.20000000000000284,0.1,0.1
2025-03-01 10:23:20,0.4000000000000057,0.1,0.2
2025-03-01 10:23:25,0.20000000000000284,0.0,0.1
2025-03-01 10:23:30,0.29999999999999716,0.2,0.1
2025-03-01 10:23:35,0.09999999999999432,0.1,0.0
2025-03-01 10:23:40,0.20000000000000284,0.1,0.1
2025-03-01 10:23:45,0.0,0.0,0.0
2025-03-01 10:23:50,0.09999999999999432,0.1,0.1
2025-03-01 10:23:55,0.09999999999999432,0.1,0.1
2025-03-01 10:24:00,0.09999999999999432,0.0,0.0
2025-03-01 10:24:05,0.09999999999999432,0.0,0.1
2025-03-01 10:24:10,0.09999999999999432,0.1,0.0
2025-03-01 10:24:15,0.09999999999999432,0.0,0.0
2025-03-01 10:24:21,0.09999999999999432,0.0,0.1
2025-03-01 10:24:26,0.09999999999999432,0.0,0.1
2025-03-01 10:24:31,0.09999999999999432,0.0,0.0
2025-03-01 10:24:36,0.09999999999999432,0.1,0.0
2025-03-01 10:24:40,0.09999999999999432,0.1,0.0
2025-03-01 10:24:45,0.20000000000000284,0.0,0.1
2025-03-01 10:24:50,0.20000000000000284,0.1,0.0
2025-03-01 10:24:55,0.09999999999999432,0.0,0.1
2025-03-01 10:25:00,0.09999999999999432,0.1,0.0
2025-03-01 10:25:05,0.09999999999999432,0.0,0.0
2025-03-01 10:25:10,0.09999999999999432,0.1,0.0
2025-03-01 10:25:15,0.0,0.0,0.0
2025-03-01 10:25:20,0.09999999999999432,0.1,0.0
2025-03-01 10:25:25,0.09999999999999432,0.0,0.1
2025-03-01 10:25:30,0.09999999999999432,0.0,0.0
2025-03-01 10:25:35,0.0,0.0,0.0
2025-03-01 10:25:40,0.0,0.0,0.0
2025-03-01 10:25:46,0.20000000000000284,0.1,0.1
2025-03-01 10:25:51,0.09999999999999432,0.0,0.0
2025-03-01 10:25:56,0.09999999999999432,0.1,0.0
2025-03-01 10:26:01,0.09999999999999432,0.0,0.0
2025-03-01 10:26:06,0.0,0.0,0.0
2025-03-01 10:26:11,0.09999999999999432,0.0,0.0
2025-03-01 10:26:16,0.09999999999999432,0.0,0.0
2025-03-01 10:26:21,0.09999999999999432,0.0,0.0
2025-03-01 10:26:26,0.09999999999999432,0.0,0.0
2025-03-01 10:26:31,0.09999999999999432,0.0,0.0
2025-03-01 10:26:36,0.09999999999999432,0.0,0.0
2025-03-01 10:26:41,0.09999999999999432,0.0,0.0
2025-03-01 10:26:46,0.4000000000000057,0.1,0.2
2025-03-01 10:26:51,0.09999999999999432,0.1,0.0
2025-03-01 10:26:56,0.20000000000000284,0.1,0.0
2025-03-01 10:27:01,0.09999999999999432,0.1,0.0
2025-03-01 10:27:06,0.09999999999999432,0.1,0.0
2025-03-01 10:27:11,0.09999999999999432,0.0,0.1
2025-03-01 10:27:16,0.09999999999999432,0.0,0.1
2025-03-01 10:27:21,0.09999999999999432,0.0,0.0
2025-03-01 10:27:26,0.0,0.0,0.0
2025-03-01 10:27:31,0.09999999999999432,0.0,0.0
2025-03-01 10:27:36,0.09999999999999432,0.0,0.1
2025-03-01 10:27:41,0.0,0.0,0.0
2025-03-01 10:27:46,0.09999999999999432,0.0,0.1
2025-03-01 10:27:51,0.09999999999999432,0.0,0.1
2025-03-01 10:27:56,0.09999999999999432,0.0,0.1
2025-03-01 10:28:01,0.20000000000000284,0.1,0.1
2025-03-01 10:28:06,0.09999999999999432,0.0,0.0
2025-03-01 10:28:11,0.09999999999999432,0.1,0.0
2025-03-01 10:28:16,0.0,0.0,0.0
2025-03-01 10:28:21,0.09999999999999432,0.0,0.1
2025-03-01 10:28:26,0.09999999999999432,0.0,0.0
2025-03-01 10:28:32,0.0,0.0,0.0
2025-03-01 10:28:37,0.09999999999999432,0.1,0.0
2025-03-01 10:28:42,0.09999999999999432,0.1,0.1
2025-03-01 10:28:47,0.09999999999999432,0.0,0.0
2025-03-01 10:28:52,0.09999999999999432,0.0,0.0
2025-03-01 10:28:56,0.09999999999999432,0.1,0.0
2025-03-01 10:29:01,0.09999999999999432,0.0,0.1
2025-03-01 10:29:06,0.09999999999999432,0.1,0.0
2025-03-01 10:29:11,0.09999999999999432,0.0,0.1
2025-03-01 10:29:16,0.09999999999999432,0.0,0.0
2025-03-01 10:29:21,0.09999999999999432,0.1,0.0
2025-03-01 10:29:26,0.09999999999999432,0.0,0.0
2025-03-01 10:29:32,0.09999999999999432,0.0,0.0
2025-03-01 10:29:37,0.09999999999999432,0.1,0.0
2025-03-01 10:29:42,0.09999999999999432,0.1,0.0
2025-03-01 10:29:47,0.09999999999999432,0.0,0.0
2025-03-01 10:29:52,0.0,0.0,0.0
2025-03-01 10:29:57,0.09999999999999432,0.0,0.0
2025-03-01 10:30:02,0.09999999999999432,0.0,0.0
2025-03-01 10:30:07,0.09999999999999432,0.0,0.0
2025-03-01 10:30:12,0.5,0.2,0.2
2025-03-01 10:30:17,0.20000000000000284,0.1,0.1
2025-03-01 10:30:22,0.20000000000000284,0.1,0.1
2025-03-01 10:30:27,0.0,0.0,0.0
2025-03-01 10:30:32,0.29999999999999716,0.1,0.1
2025-03-01 10:30:37,0.09999999999999432,0.1,0.0
2025-03-01 10:30:42,0.20000000000000284,0.1,0.1
2025-03-01 10:30:47,0.09999999999999432,0.0,0.1
2025-03-01 10:30:52,0.0,0.0,0.0
2025-03-01 10:30:57,0.20000000000000284,0.1,0.1
2025-03-01 10:31:02,0.09999999999999432,0.0,0.0
2025-03-01 10:31:07,0.0,0.0,0.0
2025-03-01 10:31:12,0.20000000000000284,0.1,0.0
2025-03-01 10:31:17,0.09999999999999432,0.0,0.0
2025-03-01 10:31:22,0.09999999999999432,0.0,0.1
2025-03-01 10:31:27,0.09999999999999432,0.1,0.0
2025-03-01 10:31:32,0.09999999999999432,0.1,0.1
2025-03-01 10:31:38,0.09999999999999432,0.0,0.0
2025-03-01 10:31:43,0.09999999999999432,0.1,0.0
2025-03-01 10:31:48,0.20000000000000284,0.1,0.1
2025-03-01 10:31:53,0.09999999999999432,0.0,0.0
2025-03-01 10:31:58,0.20000000000000284,0.1,0.1
2025-03-01 10:32:03,0.09999999999999432,0.0,0.0
2025-03-01 10:32:08,0.09999999999999432,0.0,0.0
2025-03-01 10:32:13,0.09999999999999432,0.1,0.0
2025-03-01 10:32:18,0.09999999999999432,0.0,0.0
2025-03-01 10:32:23,0.09999999999999432,0.0,0.0
2025-03-01 10:32:28,0.09999999999999432,0.1,0.0
2025-03-01 10:32:33,0.09999999999999432,0.0,0.0
2025-03-01 10:32:38,0.20000000000000284,0.0,0.1
2025-03-01 10:32:42,0.09999999999999432,0.1,0.0
2025-03-01 10:32:47,0.09999999999999432,0.1,0.1
2025-03-01 10:32:52,0.09999999999999432,0.1,0.0
2025-03-01 10:32:57,0.09999999999999432,0.0,0.0
2025-03-01 10:33:02,0.20000000000000284,0.1,0.1
2025-03-01 10:33:07,0.09999999999999432,0.1,0.1
2025-03-01 10:33:12,0.20000000000000284,0.1,0.0
2025-03-01 10:33:17,0.09999999999999432,0.0,0.0
2025-03-01 10:33:23,0.09999999999999432,0.1,0.0
2025-03-01 10:33:28,0.09999999999999432,0.0,0.0
2025-03-01 10:33:33,0.09999999999999432,0.1,0.1
2025-03-01 10:33:38,0.4000000000000057,0.1,0.2
2025-03-01 10:33:43,0.09999999999999432,0.0,0.0
2025-03-01 10:33:48,0.29999999999999716,0.2,0.1
2025-03-01 10:33:53,0.09999999999999432,0.0,0.1
2025-03-01 10:33:58,0.20000000000000284,0.1,0.0
2025-03-01 10:34:03,0.09999999999999432,0.0,0.1
2025-03-01 10:34:08,0.09999999999999432,0.0,0.1
2025-03-01 10:34:13,0.20000000000000284,0.1,0.0
2025-03-01 10:34:18,0.09999999999999432,0.0,0.1
2025-03-01 10:34:23,0.09999999999999432,0.0,0.0
2025-03-01 10:34:28,0.09999999999999432,0.0,0.0
2025-03-01 10:34:33,0.09999999999999432,0.0,0.0
2025-03-01 10:34:38,0.09999999999999432,0.0,0.0
2025-03-01 10:34:43,0.09999999999999432,0.0,0.0
2025-03-01 10:34:48,0.09999999999999432,0.0,0.1
2025-03-01 10:34:53,0.09999999999999432,0.1,0.0
2025-03-01 10:34:58,0.09999999999999432,0.0,0.0
2025-03-01 10:35:03,0.20000000000000284,0.1,0.1
2025-03-01 10:35:08,0.09999999999999432,0.0,0.1
2025-03-01 10:35:13,0.20000000000000284,0.1,0.1
2025-03-01 10:35:18,0.20000000000000284,0.1,0.1
2025-03-01 10:35:24,0.09999999999999432,0.1,0.0
2025-03-01 10:35:29,0.09999999999999432,0.0,0.0
2025-03-01 10:35:34,0.09999999999999432,0.1,0.0
2025-03-01 10:35:39,0.09999999999999432,0.1,0.1
2025-03-01 10:35:44,0.20000000000000284,0.1,0.1
2025-03-01 10:35:49,0.20000000000000284,0.0,0.1
2025-03-01 10:35:54,0.20000000000000284,0.1,0.1
2025-03-01 10:35:59,0.09999999999999432,0.0,0.0
2025-03-01 10:36:04,0.09999999999999432,0.0,0.1
2025-03-01 10:36:09,0.09999999999999432,0.0,0.0
2025-03-01 10:36:14,0.20000000000000284,0.1,0.0
2025-03-01 10:36:19,0.09999999999999432,0.0,0.1
2025-03-01 10:36:24,0.09999999999999432,0.0,0.1
2025-03-01 10:36:29,0.09999999999999432,0.0,0.0
2025-03-01 10:36:34,0.09999999999999432,0.0,0.0
2025-03-01 10:36:39,0.09999999999999432,0.0,0.0
2025-03-01 10:36:44,0.09999999999999432,0.0,0.0
2025-03-01 10:36:49,0.09999999999999432,0.0,0.1
2025-03-01 10:36:54,0.09999999999999432,0.0,0.0
2025-03-01 10:36:59,0.09999999999999432,0.0,0.0
2025-03-01 10:37:04,0.29999999999999716,0.1,0.1
2025-03-01 10:37:09,0.09999999999999432,0.0,0.0
2025-03-01 10:37:14,0.20000000000000284,0.1,0.0
2025-03-01 10:37:19,0.09999999999999432,0.0,0.0
2025-03-01 10:37:24,0.20000000000000284,0.1,0.1
2025-03-01 10:37:29,0.20000000000000284,0.1,0.1
2025-03-01 10:37:34,0.09999999999999432,0.0,0.1
2025-03-01 10:37:39,0.09999999999999432,0.0,0.0
2025-03-01 10:37:44,0.20000000000000284,0.1,0.0
2025-03-01 10:37:49,0.09999999999999432,0.0,0.0
2025-03-01 10:37:54,0.20000000000000284,0.0,0.1
2025-03-01 10:38:00,0.0,0.0,0.0
2025-03-01 10:38:05,0.09999999999999432,0.0,0.0
2025-03-01 10:38:10,0.09999999999999432,0.1,0.0
2025-03-01 10:38:15,0.09999999999999432,0.1,0.1
2025-03-01 10:38:20,0.09999999999999432,0.1,0.1
2025-03-01 10:38:25,0.09999999999999432,0.0,0.0
2025-03-01 10:38:30,0.09999999999999432,0.0,0.1
2025-03-01 10:38:35,0.09999999999999432,0.0,0.1
2025-03-01 10:38:39,0.20000000000000284,0.0,0.1
2025-03-01 10:38:44,0.09999999999999432,0.1,0.1
2025-03-01 10:38:49,0.09999999999999432,0.1,0.0
2025-03-01 10:38:54,0.09999999999999432,0.0,0.0
2025-03-01 10:38:59,0.09999999999999432,0.0,0.0
2025-03-01 10:39:04,0.20000000000000284,0.1,0.1
2025-03-01 10:39:09,0.09999999999999432,0.0,0.0
2025-03-01 10:39:14,0.09999999999999432,0.1,0.0
2025-03-01 10:39:19,0.20000000000000284,0.1,0.0
2025-03-01 10:39:24,0.09999999999999432,0.0,0.0
2025-03-01 10:39:29,0.29999999999999716,0.2,0.1
2025-03-01 10:39:34,1.7000000000000028,1.4,0.2
2025-03-01 10:39:39,1.0,0.8,0.1
2025-03-01 10:39:45,0.29999999999999716,0.2,0.1
2025-03-01 10:39:50,0.20000000000000284,0.1,0.1
2025-03-01 10:39:55,0.29999999999999716,0.2,0.1
2025-03-01 10:40:00,0.29999999999999716,0.2,0.1
2025-03-01 10:40:05,0.29999999999999716,0.2,0.1
2025-03-01 10:40:10,0.29999999999999716,0.2,0.1
2025-03-01 10:40:15,0.29999999999999716,0.2,0.1
2025-03-01 10:40:20,0.20000000000000284,0.1,0.1
2025-03-01 10:40:25,0.20000000000000284,0.1,0.1
2025-03-01 10:40:30,0.4000000000000057,0.1,0.1
2025-03-01 10:40:35,0.09999999999999432,0.0,0.0
2025-03-01 10:40:40,0.20000000000000284,0.1,0.1
2025-03-01 10:40:45,0.09999999999999432,0.1,0.0
2025-03-01 10:40:50,0.29999999999999716,0.2,0.1
2025-03-01 10:40:55,0.09999999999999432,0.1,0.0
2025-03-01 10:41:00,0.20000000000000284,0.1,0.1
2025-03-01 10:41:05,0.09999999999999432,0.0,0.1
2025-03-01 10:41:10,0.20000000000000284,0.1,0.0
2025-03-01 10:41:15,0.09999999999999432,0.0,0.0
2025-03-01 10:41:20,0.09999999999999432,0.1,0.0
2025-03-01 10:41:25,0.09999999999999432,0.0,0.0
2025-03-01 10:41:30,0.09999999999999432,0.0,0.0
2025-03-01 10:41:35,0.09999999999999432,0.0,0.0
2025-03-01 10:41:40,0.09999999999999432,0.0,0.1
2025-03-01 10:41:45,0.09999999999999432,0.0,0.1
2025-03-01 10:41:50,0.09999999999999432,0.0,0.1
2025-03-01 10:41:55,0.09999999999999432,0.0,0.0
2025-03-01 10:42:01,0.20000000000000284,0.1,0.1
2025-03-01 10:42:06,0.09999999999999432,0.0,0.0
2025-03-01 10:42:11,0.09999999999999432,0.0,0.1
2025-03-01 10:42:16,0.09999999999999432,0.0,0.0
2025-03-01 10:42:21,0.09999999999999432,0.0,0.0
2025-03-01 10:42:26,0.09999999999999432,0.0,0.0
2025-03-01 10:42:31,0.09999999999999432,0.0,0.0
2025-03-01 10:42:36,0.09999999999999432,0.0,0.0
2025-03-01 10:42:41,0.09999999999999432,0.0,0.0
2025-03-01 10:42:46,0.0,0.0,0.0
2025-03-01 10:42:51,0.09999999999999432,0.0,0.0
2025-03-01 10:42:55,0.09999999999999432,0.1,0.1
2025-03-01 10:43:00,0.09999999999999432,0.1,0.0
2025-03-01 10:43:05,0.09999999999999432,0.1,0.0
2025-03-01 10:43:10,0.09999999999999432,0.0,0.0
2025-03-01 10:43:15,0.09999999999999432,0.0,0.1
2025-03-01 10:43:20,0.09999999999999432,0.0,0.0
2025-03-01 10:43:25,0.09999999999999432,0.1,0.0
2025-03-01 10:43:31,0.09999999999999432,0.1,0.0
2025-03-01 10:43:36,0.09999999999999432,0.0,0.1
2025-03-01 10:43:41,0.20000000000000284,0.1,0.0
2025-03-01 10:43:46,0.0,0.0,0.0
2025-03-01 10:43:51,0.09999999999999432,0.0,0.0
2025-03-01 10:43:56,0.4000000000000057,0.1,0.1
2025-03-01 10:44:01,0.20000000000000284,0.0,0.1
2025-03-01 10:44:06,0.20000000000000284,0.1,0.1
2025-03-01 10:44:11,0.09999999999999432,0.0,0.1
2025-03-01 10:44:16,0.09999999999999432,0.1,0.0
2025-03-01 10:44:21,0.20000000000000284,0.1,0.1
2025-03-01 10:44:26,0.0,0.0,0.0
2025-03-01 10:44:31,0.20000000000000284,0.1,0.1
2025-03-01 10:44:36,0.0,0.0,0.0
2025-03-01 10:44:41,0.20000000000000284,0.1,0.0
2025-03-01 10:44:46,0.0,0.0,0.0
2025-03-01 10:44:51,0.09999999999999432,0.0,0.0
2025-03-01 10:44:56,0.09999999999999432,0.0,0.1
2025-03-01 10:45:01,0.09999999999999432,0.0,0.0
2025-03-01 10:45:06,0.09999999999999432,0.0,0.0
2025-03-01 10:45:11,0.09999999999999432,0.1,0.0
2025-03-01 10:45:16,0.0,0.0,0.0
2025-03-01 10:45:21,0.20000000000000284,0.1,0.1
2025-03-01 10:45:26,0.09999999999999432,0.0,0.0
2025-03-01 10:45:31,0.09999999999999432,0.0,0.0
2025-03-01 10:45:37,0.09999999999999432,0.0,0.0
2025-03-01 10:45:42,0.09999999999999432,0.1,0.0
2025-03-01 10:45:47,0.09999999999999432,0.1,0.0
2025-03-01 10:45:52,0.09999999999999432,0.0,0.0
2025-03-01 10:45:57,0.09999999999999432,0.0,0.1
2025-03-01 10:46:02,0.09999999999999432,0.0,0.1
2025-03-01 10:46:07,0.0,0.0,0.0
2025-03-01 10:46:12,0.09999999999999432,0.1,0.0
2025-03-01 10:46:17,0.09999999999999432,0.0,0.0
2025-03-01 10:46:22,0.20000000000000284,0.1,0.1
2025-03-01 10:46:27,0.09999999999999432,0.0,0.0
2025-03-01 10:46:32,0.09999999999999432,0.0,0.1
2025-03-01 10:46:37,0.09999999999999432,0.0,0.1
2025-03-01 10:46:42,0.09999999999999432,0.1,0.0
2025-03-01 10:46:47,0.09999999999999432,0.0,0.0
2025-03-01 10:46:52,0.09999999999999432,0.0,0.1
2025-03-01 10:46:57,0.20000000000000284,0.1,0.1
2025-03-01 10:47:02,0.09999999999999432,0.1,0.0
2025-03-01 10:47:07,0.09999999999999432,0.0,0.0
2025-03-01 10:47:12,0.09999999999999432,0.1,0.0
2025-03-01 10:47:17,0.09999999999999432,0.0,0.0
2025-03-01 10:47:22,0.4000000000000057,0.1,0.1
2025-03-01 10:47:27,0.09999999999999432,0.0,0.0
2025-03-01 10:47:32,0.20000000000000284,0.1,0.1
2025-03-01 10:47:37,0.09999999999999432,0.0,0.0
2025-03-01 10:47:42,0.20000000000000284,0.1,0.1
2025-03-01 10:47:47,0.09999999999999432,0.0,0.1
2025-03-01 10:47:52,0.20000000000000284,0.1,0.1
2025-03-01 10:47:57,0.09999999999999432,0.1,0.1
2025-03-01 10:48:02,0.09999999999999432,0.1,0.0
2025-03-01 10:48:07,0.09999999999999432,0.1,0.1
2025-03-01 10:48:12,0.09999999999999432,0.1,0.1
2025-03-01 10:48:17,0.09999999999999432,0.0,0.0
2025-03-01 10:48:22,0.09999999999999432,0.0,0.0
2025-03-01 10:48:27,0.0,0.0,0.0
2025-03-01 10:48:32,0.09999999999999432,0.0,0.0
2025-03-01 10:48:37,0.0,0.0,0.0
2025-03-01 10:48:43,0.09999999999999432,0.0,0.1
2025-03-01 10:48:48,0.09999999999999432,0.0,0.1
2025-03-01 10:48:52,0.09999999999999432,0.0,0.1
2025-03-01 10:48:57,0.09999999999999432,0.0,0.0
2025-03-01 10:49:02,0.20000000000000284,0.1,0.0
2025-03-01 10:49:07,0.09999999999999432,0.0,0.0
2025-03-01 10:49:12,0.09999999999999432,0.1,0.0
2025-03-01 10:49:17,0.09999999999999432,0.0,0.1
2025-03-01 10:49:23,0.09999999999999432,0.0,0.1
2025-03-01 10:49:28,0.09999999999999432,0.1,0.0
2025-03-01 10:49:33,0.20000000000000284,0.1,0.1
2025-03-01 10:49:38,0.09999999999999432,0.1,0.0
2025-03-01 10:49:43,0.09999999999999432,0.0,0.1
2025-03-01 10:49:48,0.09999999999999432,0.0,0.1
2025-03-01 10:49:53,0.09999999999999432,0.0,0.0
2025-03-01 10:49:58,0.09999999999999432,0.0,0.0
2025-03-01 10:50:03,0.09999999999999432,0.1,0.0
2025-03-01 10:50:08,0.09999999999999432,0.0,0.1
2025-03-01 10:50:13,0.29999999999999716,0.2,0.1
2025-03-01 10:50:18,0.09999999999999432,0.0,0.0
2025-03-01 10:50:23,0.0,0.0,0.0
2025-03-01 10:50:28,0.09999999999999432,0.0,0.1
2025-03-01 10:50:33,0.09999999999999432,0.0,0.0
2025-03-01 10:50:38,0.09999999999999432,0.1,0.0
2025-03-01 10:50:43,0.0,0.0,0.0
2025-03-01 10:50:48,0.4000000000000057,0.1,0.1
2025-03-01 10:50:53,0.0,0.0,0.0
2025-03-01 10:50:58,0.20000000000000284,0.1,0.0
2025-03-01 10:51:03,0.09999999999999432,0.1,0.0
2025-03-01 10:51:08,0.20000000000000284,0.1,0.0
2025-03-01 10:51:13,0.09999999999999432,0.0,0.0
2025-03-01 10:51:18,0.09999999999999432,0.0,0.1
2025-03-01 10:51:23,0.09999999999999432,0.0,0.1
2025-03-01 10:51:28,0.09999999999999432,0.1,0.1
2025-03-01 10:51:33,0.09999999999999432,0.0,0.0
2025-03-01 10:51:39,0.09999999999999432,0.0,0.1
2025-03-01 10:51:44,0.20000000000000284,0.1,0.1
2025-03-01 10:51:49,0.20000000000000284,0.1,0.1
2025-03-01 10:51:54,0.09999999999999432,0.0,0.0
2025-03-01 10:51:59,0.09999999999999432,0.0,0.0
2025-03-01 10:52:04,0.09999999999999432,0.1,0.1
2025-03-01 10:52:09,0.0,0.0,0.0
2025-03-01 10:52:14,0.09999999999999432,0.1,0.0
2025-03-01 10:52:19,0.09999999999999432,0.1,0.1
2025-03-01 10:52:24,0.09999999999999432,0.0,0.0
2025-03-01 10:52:29,0.09999999999999432,0.0,0.0
2025-03-01 10:52:34,0.09999999999999432,0.0,0.1
2025-03-01 10:52:38,0.20000000000000284,0.1,0.1
2025-03-01 10:52:43,0.09999999999999432,0.0,0.0
2025-03-01 10:52:48,0.20000000000000284,0.1,0.1
2025-03-01 10:52:53,0.09999999999999432,0.0,0.1
2025-03-01 10:52:58,0.20000000000000284,0.0,0.1
2025-03-01 10:53:03,0.09999999999999432,0.0,0.0
2025-03-01 10:53:08,0.09999999999999432,0.0,0.0
2025-03-01 10:53:13,0.09999999999999432,0.1,0.0
2025-03-01 10:53:18,0.09999999999999432,0.0,0.1
2025-03-01 10:53:23,0.09999999999999432,0.1,0.0
2025-03-01 10:53:29,0.09999999999999432,0.0,0.0
2025-03-01 10:53:34,0.09999999999999432,0.0,0.0
2025-03-01 10:53:39,0.09999999999999432,0.0,0.1
2025-03-01 10:53:44,0.09999999999999432,0.0,0.1
2025-03-01 10:53:49,0.09999999999999432,0.0,0.0
2025-03-01 10:53:54,0.09999999999999432,0.1,0.0
2025-03-01 10:53:59,0.20000000000000284,0.1,0.1
2025-03-01 10:54:04,0.20000000000000284,0.1,0.1
2025-03-01 10:54:09,0.4000000000000057,0.1,0.1
2025-03-01 10:54:14,0.09999999999999432,0.1,0.0
2025-03-01 10:54:19,0.4000000000000057,0.3,0.1
2025-03-01 10:54:24,0.29999999999999716,0.2,0.1
2025-03-01 10:54:29,0.20000000000000284,0.1,0.0
2025-03-01 10:54:34,0.29999999999999716,0.2,0.1
2025-03-01 10:54:39,0.29999999999999716,0.2,0.1
2025-03-01 10:54:44,0.20000000000000284,0.1,0.1
2025-03-01 10:54:49,0.29999999999999716,0.2,0.1
2025-03-01 10:54:54,0.29999999999999716,0.2,0.1
2025-03-01 10:54:59,0.29999999999999716,0.2,0.1
2025-03-01 10:55:04,0.29999999999999716,0.2,0.1
2025-03-01 10:55:09,0.09999999999999432,0.0,0.0
2025-03-01 10:55:14,0.09999999999999432,0.1,0.0
2025-03-01 10:55:19,0.09999999999999432,0.0,0.0
