2025-03-08 13:07:28,2.2200,923197440,7.3733
2025-03-08 13:07:33,1.0700,927289344,7.4060
2025-03-08 13:07:38,0.8700,928555008,7.4161
2025-03-08 13:07:43,0.7200,930832384,7.4343
2025-03-08 13:07:48,0.3900,932605952,7.4485
2025-03-08 13:07:53,0.5900,925868032,7.3947
2025-03-08 13:07:58,0.5200,926605312,7.4005
2025-03-08 13:08:03,1.3900,927342592,7.4064
2025-03-08 13:08:07,0.5200,923951104,7.3794
2025-03-08 13:08:12,0.5700,929603584,7.4245
2025-03-08 13:08:17,0.4200,930086912,7.4283
2025-03-08 13:08:22,0.3900,927731712,7.4095
2025-03-08 13:08:27,0.3400,934146048,7.4608
2025-03-08 13:08:32,0.2900,934375424,7.4626
2025-03-08 13:08:37,0.2700,927133696,7.4048
2025-03-08 13:08:42,0.3700,928661504,7.4170
2025-03-08 13:08:47,0.2200,929918976,7.4270
2025-03-08 13:08:52,0.2400,928346112,7.4144
2025-03-08 13:08:57,0.3200,934494208,7.4636
2025-03-08 13:09:02,0.5700,935997440,7.4756
2025-03-08 13:09:07,0.1900,928493568,7.4156
2025-03-08 13:09:13,0.4000,931033088,7.4359
2025-03-08 13:09:18,0.2900,932806656,7.4501
2025-03-08 13:09:23,0.3200,929169408,7.4210
2025-03-08 13:09:28,0.3400,932229120,7.4455
2025-03-08 13:09:33,0.2900,932712448,7.4493
2025-03-08 13:09:38,0.3200,924696576,7.3853
2025-03-08 13:09:43,0.3700,931647488,7.4408
2025-03-08 13:09:48,0.2000,931618816,7.4406
2025-03-08 13:09:53,0.2700,925380608,7.3908
2025-03-08 13:09:58,0.3200,930242560,7.4296
2025-03-08 13:10:03,0.7400,931504128,7.4397
2025-03-08 13:10:08,0.2700,930177024,7.4291
2025-03-08 13:10:13,0.3400,932204544,7.4453
2025-03-08 13:10:17,0.3900,933449728,7.4552
2025-03-08 13:10:22,0.2900,930840576,7.4344
2025-03-08 13:10:27,0.3700,936226816,7.4774
2025-03-08 13:10:32,0.2900,937504768,7.4876
2025-03-08 13:10:37,0.3400,929738752,7.4256
2025-03-08 13:10:42,0.3700,935899136,7.4748
2025-03-08 13:10:48,0.2700,936124416,7.4766
2025-03-08 13:10:53,0.3200,928866304,7.4186
2025-03-08 13:10:58,0.3400,932052992,7.4441
2025-03-08 13:11:03,0.7700,933048320,7.4520
2025-03-08 13:11:08,0.3200,929411072,7.4230
2025-03-08 13:11:13,0.4400,931450880,7.4393
2025-03-08 13:11:18,0.2700,932196352,7.4452
2025-03-08 13:11:23,0.2700,928550912,7.4161
2025-03-08 13:11:28,0.3200,930852864,7.4345
2025-03-08 13:11:33,0.2700,932106240,7.4445
2025-03-08 13:11:38,0.2700,928718848,7.4174
2025-03-08 13:11:43,0.3700,933318656,7.4542
2025-03-08 13:11:48,0.2500,934338560,7.4623
2025-03-08 13:11:53,0.3400,927612928,7.4086
2025-03-08 13:11:58,0.3700,929640448,7.4248
2025-03-08 13:12:03,0.6700,931160064,7.4369
2025-03-08 13:12:08,0.3400,930086912,7.4283
2025-03-08 13:12:13,0.4400,933421056,7.4550
2025-03-08 13:12:18,0.1400,933396480,7.4548
2025-03-08 13:12:23,0.3000,929767424,7.4258
2025-03-08 13:12:28,0.4200,931803136,7.4421
2025-03-08 13:12:33,0.2400,932827136,7.4502
2025-03-08 13:12:38,0.3700,925069312,7.3883
2025-03-08 13:12:43,0.3900,925831168,7.3944
2025-03-08 13:12:48,0.2900,926838784,7.4024
2025-03-08 13:12:53,0.2700,923201536,7.3734
2025-03-08 13:12:58,0.4400,926519296,7.3999
2025-03-08 13:13:03,0.7700,927518720,7.4078
2025-03-08 13:13:08,0.2200,920272896,7.3500
2025-03-08 13:13:13,0.3900,926171136,7.3971
2025-03-08 13:13:18,0.2400,926920704,7.4031
2025-03-08 13:13:23,0.2200,924319744,7.3823
2025-03-08 13:13:28,0.3400,926220288,7.3975
2025-03-08 13:13:33,0.2400,927752192,7.4097
2025-03-08 13:13:38,0.2400,924889088,7.3868
2025-03-08 13:13:43,0.4400,930013184,7.4278
2025-03-08 13:13:48,0.3200,931270656,7.4378
2025-03-08 13:13:53,0.2400,930181120,7.4291
2025-03-08 13:13:58,0.3200,935813120,7.4741
2025-03-08 13:14:03,0.7700,936554496,7.4800
2025-03-08 13:14:08,0.2900,929300480,7.4221
2025-03-08 13:14:13,0.4200,934690816,7.4651
2025-03-08 13:14:18,0.2400,934924288,7.4670
2025-03-08 13:14:23,0.2700,927428608,7.4071
2025-03-08 13:14:28,0.3400,929722368,7.4254
2025-03-08 13:14:33,0.2700,930480128,7.4315
2025-03-08 13:14:38,0.2400,929443840,7.4232
2025-03-08 13:14:43,0.3200,935858176,7.4745
2025-03-08 13:14:48,0.2900,936091648,7.4763
2025-03-08 13:14:53,0.2900,928587776,7.4164
2025-03-08 13:14:58,0.3200,934227968,7.4614
2025-03-08 13:15:04,0.7200,935219200,7.4693
2025-03-08 13:15:09,0.3200,932360192,7.4465
2025-03-08 13:15:14,0.4400,938270720,7.4937
2025-03-08 13:15:19,0.2900,938004480,7.4916
2025-03-08 13:15:24,0.2200,930250752,7.4297
2025-03-08 13:15:29,0.3200,934363136,7.4625
2025-03-08 13:15:34,0.3200,935383040,7.4707
2025-03-08 13:15:39,0.1700,927637504,7.4088
2025-03-08 13:15:44,0.3700,933531648,7.4559
2025-03-08 13:15:49,0.1400,934535168,7.4639
2025-03-08 13:15:54,0.3200,927543296,7.4080
2025-03-08 13:15:59,0.2700,932171776,7.4450
2025-03-08 13:16:04,0.7200,933175296,7.4530
2025-03-08 13:16:08,0.3400,925929472,7.3951
2025-03-08 13:16:13,0.3500,932089856,7.4443
2025-03-08 13:16:18,0.2400,932851712,7.4504
2025-03-08 13:16:23,0.2400,925638656,7.3928
2025-03-08 13:16:28,0.3400,932306944,7.4461
2025-03-08 13:16:33,0.2200,933314560,7.4541
2025-03-08 13:16:38,0.2900,926068736,7.3963
2025-03-08 13:16:43,0.3000,931717120,7.4414
2025-03-08 13:16:48,0.2200,933249024,7.4536
2025-03-08 13:16:53,0.2400,926523392,7.3999
2025-03-08 13:16:58,0.3900,932933632,7.4511
2025-03-08 13:17:03,0.7400,933695488,7.4572
2025-03-08 13:17:08,0.2700,926720000,7.4015
2025-03-08 13:17:14,0.4700,931323904,7.4382
2025-03-08 13:17:19,0.2500,932573184,7.4482
2025-03-08 13:17:24,0.2900,931782656,7.4419
2025-03-08 13:17:29,0.3400,934588416,7.4643
2025-03-08 13:17:34,0.2200,934805504,7.4660
2025-03-08 13:17:39,0.2700,933490688,7.4555
2025-03-08 13:17:44,0.3400,938622976,7.4965
2025-03-08 13:17:49,0.2200,939372544,7.5025
2025-03-08 13:17:54,0.2200,932122624,7.4446
2025-03-08 13:17:59,0.4400,934916096,7.4669
2025-03-08 13:18:04,0.7400,936173568,7.4770
2025-03-08 13:18:09,0.2200,929173504,7.4211
2025-03-08 13:18:14,0.4400,933015552,7.4517
2025-03-08 13:18:18,0.2900,934281216,7.4618
2025-03-08 13:18:23,0.1700,926773248,7.4019
2025-03-08 13:18:28,0.4400,931909632,7.4429
2025-03-08 13:18:33,0.1900,933433344,7.4551
2025-03-08 13:18:38,0.3700,935464960,7.4713
2025-03-08 13:18:43,0.2000,936980480,7.4834
2025-03-08 13:18:48,0.4700,936173568,7.4770
2025-03-08 13:18:53,0.1900,936910848,7.4829
2025-03-08 13:18:58,0.3900,939720704,7.5053
2025-03-08 13:19:03,0.5500,939438080,7.5030
2025-03-08 13:19:08,0.4500,936312832,7.4781
2025-03-08 13:19:13,0.1700,937058304,7.4840
2025-03-08 13:19:18,0.4900,931360768,7.4385
2025-03-08 13:19:24,0.2200,932106240,7.4445
2025-03-08 13:19:29,0.4400,935165952,7.4689
2025-03-08 13:19:34,0.2200,936165376,7.4769
2025-03-08 13:19:39,0.4400,930975744,7.4355
2025-03-08 13:19:44,0.2400,932495360,7.4476
2025-03-08 13:19:49,0.5400,935301120,7.4700
2025-03-08 13:19:54,0.1700,935792640,7.4739
2025-03-08 13:19:59,0.4200,936275968,7.4778
2025-03-08 13:20:04,0.5500,936771584,7.4817
2025-03-08 13:20:09,0.5200,930803712,7.4341
2025-03-08 13:20:14,0.1700,931540992,7.4400
2025-03-08 13:20:19,0.4700,934617088,7.4645
2025-03-08 13:20:24,0.1700,936415232,7.4789
2025-03-08 13:20:29,0.4200,931762176,7.4417
2025-03-08 13:20:34,0.2000,931999744,7.4436
2025-03-08 13:20:39,0.4700,933527552,7.4558
2025-03-08 13:20:44,0.1900,934526976,7.4638
2025-03-08 13:20:49,0.3900,927031296,7.4039
2025-03-08 13:20:54,0.2700,931000320,7.4357
2025-03-08 13:20:59,0.2500,931491840,7.4396
2025-03-08 13:21:04,0.6500,924495872,7.3837
2025-03-08 13:21:09,0.3200,927068160,7.4042
2025-03-08 13:21:14,0.2900,928350208,7.4145
2025-03-08 13:21:19,0.3200,920842240,7.3545
2025-03-08 13:21:24,0.3900,928010240,7.4118
2025-03-08 13:21:29,0.2700,929517568,7.4238
2025-03-08 13:21:34,0.3900,922275840,7.3660
2025-03-08 13:21:39,0.3900,926883840,7.4028
2025-03-08 13:21:44,0.2700,928653312,7.4169
2025-03-08 13:21:49,0.3400,925540352,7.3920
2025-03-08 13:21:54,0.4200,931975168,7.4434
2025-03-08 13:21:59,0.2900,932212736,7.4453
2025-03-08 13:22:04,0.7000,924712960,7.3854
2025-03-08 13:22:09,0.3000,927268864,7.4059
2025-03-08 13:22:14,0.3400,929058816,7.4201
2025-03-08 13:22:19,0.2000,921821184,7.3623
2025-03-08 13:22:24,0.4200,926183424,7.3972
2025-03-08 13:22:29,0.2000,926666752,7.4010
2025-03-08 13:22:34,0.2200,924844032,7.3865
2025-03-08 13:22:39,0.2900,930500608,7.4317
2025-03-08 13:22:44,0.2900,931778560,7.4419
2025-03-08 13:22:49,0.3400,928915456,7.4190
2025-03-08 13:22:54,0.3700,935096320,7.4684
2025-03-08 13:22:59,0.2400,935571456,7.4722
2025-03-08 13:23:04,0.7200,928604160,7.4165
2025-03-08 13:23:09,0.3000,931680256,7.4411
2025-03-08 13:23:14,0.2200,932159488,7.4449
2025-03-08 13:23:19,0.3200,929038336,7.4200
2025-03-08 13:23:24,0.3400,929771520,7.4258
2025-03-08 13:23:29,0.3400,931299328,7.4380
2025-03-08 13:23:34,0.2200,923529216,7.3760
2025-03-08 13:23:39,0.4200,929697792,7.4252
2025-03-08 13:23:44,0.2900,930713600,7.4334
2025-03-08 13:23:49,0.2700,927600640,7.4085
2025-03-08 13:23:54,0.2900,933261312,7.4537
2025-03-08 13:23:59,0.2700,933761024,7.4577
2025-03-08 13:24:04,0.8200,926011392,7.3958
2025-03-08 13:24:09,0.3000,932155392,7.4449
2025-03-08 13:24:14,0.3700,932909056,7.4509
2025-03-08 13:24:19,0.1700,929800192,7.4261
2025-03-08 13:24:24,0.3900,935972864,7.4754
2025-03-08 13:24:29,0.2200,936214528,7.4773
2025-03-08 13:24:34,0.2400,929234944,7.4216
2025-03-08 13:24:39,0.4200,932556800,7.4481
2025-03-08 13:24:44,0.2500,933838848,7.4583
2025-03-08 13:24:49,0.2900,930742272,7.4336
2025-03-08 13:24:54,0.4400,931749888,7.4416
2025-03-08 13:24:59,0.2000,933007360,7.4517
2025-03-08 13:25:04,0.7900,929886208,7.4268
2025-03-08 13:25:09,0.3900,931160064,7.4369
2025-03-08 13:25:14,0.2200,931909632,7.4429
2025-03-08 13:25:19,0.2900,929050624,7.4201
2025-03-08 13:25:24,0.3000,932646912,7.4488
2025-03-08 13:25:29,0.2000,933658624,7.4569
2025-03-08 13:25:34,0.3700,926408704,7.3990
2025-03-08 13:25:39,0.3400,929222656,7.4214
2025-03-08 13:25:44,0.3400,930492416,7.4316
2025-03-08 13:25:49,0.2700,927883264,7.4108
2025-03-08 13:25:54,0.3700,931225600,7.4375
2025-03-08 13:25:59,0.2400,932237312,7.4455
2025-03-08 13:26:04,0.7900,924741632,7.3857
2025-03-08 13:26:09,0.4200,929607680,7.4245
2025-03-08 13:26:14,0.2700,930881536,7.4347
2025-03-08 13:26:19,0.3200,923373568,7.3747
2025-03-08 13:26:24,0.3200,926703616,7.4013
2025-03-08 13:26:29,0.2200,928497664,7.4157
2025-03-08 13:26:34,0.3400,925118464,7.3887
2025-03-08 13:26:39,0.3700,931799040,7.4420
2025-03-08 13:26:44,0.2700,933060608,7.4521
2025-03-08 13:26:49,0.2700,929439744,7.4232
2025-03-08 13:26:54,0.3900,935596032,7.4723
2025-03-08 13:26:59,0.2200,936607744,7.4804
2025-03-08 13:27:04,0.7400,929357824,7.4225
2025-03-08 13:27:09,0.3900,931397632,7.4388
2025-03-08 13:27:14,0.3200,931897344,7.4428
2025-03-08 13:27:19,0.3200,929034240,7.4200
2025-03-08 13:27:24,0.2900,935063552,7.4681
2025-03-08 13:27:29,0.2900,936845312,7.4823
2025-03-08 13:27:34,0.2200,930099200,7.4285
2025-03-08 13:27:39,0.3400,935755776,7.4736
2025-03-08 13:27:44,0.2700,936763392,7.4817
2025-03-08 13:27:49,0.2900,929763328,7.4258
2025-03-08 13:27:54,0.3400,934125568,7.4606
2025-03-08 13:28:00,0.5200,934346752,7.4624
2025-03-08 13:28:05,0.4400,933031936,7.4519
2025-03-08 13:28:10,0.4400,939704320,7.5052
2025-03-08 13:28:15,0.2200,940974080,7.5153
2025-03-08 13:28:20,0.2400,933203968,7.4532
2025-03-08 13:28:25,0.3400,934985728,7.4675
2025-03-08 13:28:30,0.2400,935485440,7.4715
2025-03-08 13:28:35,0.3200,927727616,7.4095
2025-03-08 13:28:40,0.3200,934940672,7.4671
2025-03-08 13:28:45,0.2200,935198720,7.4692
2025-03-08 13:28:50,0.2700,932098048,7.4444
2025-03-08 13:28:55,0.3700,938520576,7.4957
2025-03-08 13:29:00,0.4700,939020288,7.4997
2025-03-08 13:29:04,0.5700,931508224,7.4397
2025-03-08 13:29:09,1.8000,935350272,7.4704
2025-03-08 13:29:14,1.5700,936083456,7.4763
2025-03-08 13:29:19,2.1700,934006784,7.4597
2025-03-08 13:29:24,2.7200,936828928,7.4822
2025-03-08 13:29:29,1.6400,937062400,7.4841
2025-03-08 13:29:34,1.2400,933408768,7.4549
2025-03-08 13:29:39,1.2200,934662144,7.4649
2025-03-08 13:29:44,1.1700,935415808,7.4709
2025-03-08 13:29:49,1.1400,933842944,7.4584
2025-03-08 13:29:54,1.2700,935886848,7.4747
2025-03-08 13:29:59,1.0200,935600128,7.4724
2025-03-08 13:30:04,1.9500,934526976,7.4638
2025-03-08 13:30:10,3.3000,937828352,7.4902
2025-03-08 13:30:15,1.0500,939347968,7.5023
2025-03-08 13:30:20,0.8400,931848192,7.4424
2025-03-08 13:30:25,1.1700,934141952,7.4607
2025-03-08 13:30:30,1.1400,934625280,7.4646
2025-03-08 13:30:35,1.0500,931504128,7.4397
2025-03-08 13:30:40,1.1700,936894464,7.4827
2025-03-08 13:30:45,1.0700,937398272,7.4867
2025-03-08 13:30:50,1.1000,930664448,7.4330
2025-03-08 13:30:55,1.3400,935395328,7.4707
2025-03-08 13:31:00,1.2200,936144896,7.4767
2025-03-08 13:31:05,1.8200,928899072,7.4189
2025-03-08 13:31:10,1.4000,932216832,7.4454
2025-03-08 13:31:14,0.5900,932708352,7.4493
2025-03-08 13:31:19,1.1200,931913728,7.4429
2025-03-08 13:31:24,1.0700,937553920,7.4880
2025-03-08 13:31:29,1.0200,938045440,7.4919
2025-03-08 13:31:34,1.1500,932356096,7.4465
2025-03-08 13:31:39,1.0400,933351424,7.4544
2025-03-08 13:31:44,1.3200,930746368,7.4336
2025-03-08 13:31:49,1.0700,931753984,7.4417
2025-03-08 13:31:54,1.2700,928112640,7.4126
2025-03-08 13:31:59,1.2000,928624640,7.4167
2025-03-08 13:32:04,2.0400,929366016,7.4226
2025-03-08 13:32:09,0.5700,929599488,7.4245
2025-03-08 13:32:14,1.3700,934215680,7.4613
2025-03-08 13:32:20,1.0700,934944768,7.4672
2025-03-08 13:32:25,1.3000,931295232,7.4380
2025-03-08 13:32:30,0.9000,932306944,7.4461
2025-03-08 13:32:35,1.4200,934858752,7.4665
2025-03-08 13:32:40,1.0700,935596032,7.4723
2025-03-08 13:32:45,1.3900,932216832,7.4454
2025-03-08 13:32:50,1.2200,933228544,7.4534
2025-03-08 13:32:55,1.3900,930902016,7.4349
2025-03-08 13:33:00,1.1700,931917824,7.4430
2025-03-08 13:33:05,1.0900,934227968,7.4614
2025-03-08 13:33:10,1.0500,935256064,7.4696
2025-03-08 13:33:15,1.5400,937291776,7.4859
2025-03-08 13:33:20,1.1200,938311680,7.4940
2025-03-08 13:33:24,1.3200,930537472,7.4319
2025-03-08 13:33:30,1.0200,932069376,7.4442
2025-03-08 13:33:35,1.4400,932823040,7.4502
2025-03-08 13:33:40,1.0400,934350848,7.4624
2025-03-08 13:33:45,1.3200,930992128,7.4356
2025-03-08 13:33:50,1.1000,936632320,7.4806
2025-03-08 13:33:55,1.1700,938156032,7.4928
2025-03-08 13:34:00,0.8400,930664448,7.4330
2025-03-08 13:34:05,1.4200,932192256,7.4452
2025-03-08 13:34:10,1.0200,933199872,7.4532
2025-03-08 13:34:15,1.0500,930344960,7.4304
2025-03-08 13:34:20,1.1000,932634624,7.4487
2025-03-08 13:34:25,1.2400,933380096,7.4547
2025-03-08 13:34:30,1.1200,930009088,7.4277
2025-03-08 13:34:35,1.2900,936443904,7.4791
2025-03-08 13:34:40,1.0400,935899136,7.4748
2025-03-08 13:34:45,1.1200,928907264,7.4189
2025-03-08 13:34:50,1.1900,931962880,7.4433
2025-03-08 13:34:55,0.6900,933986304,7.4595
2025-03-08 13:35:00,1.1500,930611200,7.4325
2025-03-08 13:35:05,1.6000,936509440,7.4797
2025-03-08 13:35:10,1.0200,937775104,7.4898
2025-03-08 13:35:15,1.0200,929767424,7.4258
2025-03-08 13:35:20,1.0700,932585472,7.4483
2025-03-08 13:35:25,0.9000,933842944,7.4584
2025-03-08 13:35:30,0.9200,932790272,7.4499
2025-03-08 13:35:35,1.2400,938434560,7.4950
2025-03-08 13:35:40,1.1700,938672128,7.4969
2025-03-08 13:35:45,1.0700,935043072,7.4679
2025-03-08 13:35:50,0.7700,940691456,7.5131
2025-03-08 13:35:55,1.2200,941174784,7.5169
2025-03-08 13:36:00,1.0000,940118016,7.5085
2025-03-08 13:36:05,1.8700,940351488,7.5103
2025-03-08 13:36:10,1.0900,941359104,7.5184
2025-03-08 13:36:15,1.1200,938225664,7.4934
2025-03-08 13:36:20,1.1700,939737088,7.5054
2025-03-08 13:36:25,1.0700,941260800,7.5176
2025-03-08 13:36:30,1.1400,933748736,7.4576
2025-03-08 13:36:35,1.3200,938868736,7.4985
2025-03-08 13:36:40,1.1500,940392448,7.5107
2025-03-08 13:36:45,0.6700,932634624,7.4487
2025-03-08 13:36:50,1.3400,938799104,7.4979
2025-03-08 13:36:55,1.1500,939794432,7.5059
2025-03-08 13:37:00,1.1200,932548608,7.4480
2025-03-08 13:37:05,1.7500,935100416,7.4684
2025-03-08 13:37:10,1.1200,936361984,7.4785
2025-03-08 13:37:15,1.2000,933257216,7.4537
2025-03-08 13:37:20,1.2200,935567360,7.4721
2025-03-08 13:37:25,1.3400,936321024,7.4781
2025-03-08 13:37:30,1.0000,929591296,7.4244
2025-03-08 13:37:35,1.2200,935743488,7.4735
2025-03-08 13:37:40,0.7400,936476672,7.4794
2025-03-08 13:37:45,1.1400,935432192,7.4711
2025-03-08 13:37:50,1.1700,937988096,7.4915
2025-03-08 13:37:55,1.5900,938741760,7.4975
2025-03-08 13:38:00,1.1500,937439232,7.4871
2025-03-08 13:38:05,1.6200,938958848,7.4992
2025-03-08 13:38:10,1.1400,939192320,7.5011
2025-03-08 13:38:15,1.0000,937373696,7.4865
2025-03-08 13:38:20,1.1700,942505984,7.5275
2025-03-08 13:38:25,1.1700,942436352,7.5270
2025-03-08 13:38:30,1.0700,934920192,7.4670
2025-03-08 13:38:35,0.8200,937213952,7.4853
2025-03-08 13:38:40,1.0700,938217472,7.4933
2025-03-08 13:38:45,1.2400,931491840,7.4396
2025-03-08 13:38:50,1.1400,936632320,7.4806
2025-03-08 13:38:55,1.0900,938139648,7.4927
2025-03-08 13:39:00,1.2200,935014400,7.4677
2025-03-08 13:39:05,1.5700,941449216,7.5191
2025-03-08 13:39:10,1.1400,942727168,7.5293
2025-03-08 13:39:15,1.1200,936005632,7.4756
2025-03-08 13:39:20,1.2900,940089344,7.5082
2025-03-08 13:39:25,1.0700,941346816,7.5183
2025-03-08 13:39:30,0.5500,933580800,7.4563
2025-03-08 13:39:35,1.0900,938172416,7.4929
2025-03-08 13:39:40,1.1400,939454464,7.5032
2025-03-08 13:39:45,1.1500,935829504,7.4742
2025-03-08 13:39:50,1.1900,942514176,7.5276
2025-03-08 13:39:55,1.2200,943009792,7.5316
2025-03-08 13:40:00,1.2500,935497728,7.4716
2025-03-08 13:40:05,1.5700,939962368,7.5072
2025-03-08 13:40:10,1.0700,940441600,7.5111
2025-03-08 13:40:15,1.0200,933203968,7.4532
2025-03-08 13:40:21,1.2200,934977536,7.4674
2025-03-08 13:40:26,0.5900,935989248,7.4755
2025-03-08 13:40:31,1.1200,934686720,7.4651
2025-03-08 13:40:36,1.1500,939560960,7.5040
2025-03-08 13:40:41,1.1200,940834816,7.5142
2025-03-08 13:40:46,1.0200,937480192,7.4874
2025-03-08 13:40:51,1.1700,943656960,7.5367
2025-03-08 13:40:56,1.1000,944136192,7.5406
2025-03-08 13:41:01,1.4700,940257280,7.5096
2025-03-08 13:41:06,1.3000,942796800,7.5299
2025-03-08 13:41:11,1.0200,943800320,7.5379
2025-03-08 13:41:16,1.1500,936288256,7.4779
2025-03-08 13:41:21,0.7000,941674496,7.5209
2025-03-08 13:41:25,1.1000,942415872,7.5268
2025-03-08 13:41:30,1.2200,935690240,7.4731
2025-03-08 13:41:35,1.0500,938496000,7.4955
2025-03-08 13:41:40,1.0200,938725376,7.4974
2025-03-08 13:41:45,1.2400,937148416,7.4847
2025-03-08 13:41:50,1.2400,939429888,7.5030
2025-03-08 13:41:55,0.9700,939409408,7.5028
2025-03-08 13:42:00,1.1700,931135488,7.4367
2025-03-08 13:42:05,1.4700,933183488,7.4531
2025-03-08 13:42:10,0.9700,934449152,7.4632
2025-03-08 13:42:15,0.7400,926687232,7.4012
2025-03-08 13:42:20,1.1900,931819520,7.4422
2025-03-08 13:42:25,1.0500,933101568,7.4524
2025-03-08 13:42:31,0.9700,925847552,7.3945
2025-03-08 13:42:36,1.1900,929169408,7.4210
2025-03-08 13:42:41,1.1400,930172928,7.4290
2025-03-08 13:42:46,1.1900,923701248,7.3774
2025-03-08 13:42:51,1.2200,929341440,7.4224
2025-03-08 13:42:56,1.0200,930611200,7.4325
2025-03-08 13:43:01,1.1500,923385856,7.3748
2025-03-08 13:43:06,1.5900,929288192,7.4220
2025-03-08 13:43:11,0.5700,930275328,7.4299
2025-03-08 13:43:16,0.9700,927420416,7.4071
2025-03-08 13:43:21,1.2500,933584896,7.4563
2025-03-08 13:43:26,1.1200,934592512,7.4643
2025-03-08 13:43:31,1.1900,927084544,7.4044
2025-03-08 13:43:35,1.1200,930078720,7.4283
2025-03-08 13:43:40,1.0900,931610624,7.4405
2025-03-08 13:43:45,1.1200,927981568,7.4115
2025-03-08 13:43:51,1.1700,934141952,7.4607
2025-03-08 13:43:56,1.1400,935145472,7.4688
2025-03-08 13:44:01,1.3900,928145408,7.4128
2025-03-08 13:44:06,0.9700,933789696,7.4579
2025-03-08 13:44:11,1.0500,934547456,7.4640
2025-03-08 13:44:16,1.1000,932204544,7.4453
2025-03-08 13:44:21,1.1900,939134976,7.5006
2025-03-08 13:44:26,1.0700,939368448,7.5025
2025-03-08 13:44:31,1.1400,936247296,7.4776
2025-03-08 13:44:36,1.1500,941113344,7.5164
2025-03-08 13:44:41,1.0400,941604864,7.5203
2025-03-08 13:44:46,1.2700,934866944,7.4665
2025-03-08 13:44:51,1.2400,940007424,7.5076
2025-03-08 13:44:56,1.1700,940253184,7.5096
2025-03-08 13:45:01,0.7900,932487168,7.4475
2025-03-08 13:45:06,1.6200,933990400,7.4595
2025-03-08 13:45:11,1.2400,935251968,7.4696
2025-03-08 13:45:16,1.3000,939618304,7.5045
2025-03-08 13:45:21,1.0000,940617728,7.5125
2025-03-08 13:45:26,1.2000,935186432,7.4691
2025-03-08 13:45:31,1.1400,936460288,7.4793
2025-03-08 13:45:36,1.2000,940822528,7.5141
2025-03-08 13:45:41,0.9500,942084096,7.5242
2025-03-08 13:45:46,1.5200,935981056,7.4754
2025-03-08 13:45:51,1.0200,937521152,7.4877
2025-03-08 13:45:56,0.8200,933113856,7.4525
2025-03-08 13:46:01,1.1200,933601280,7.4564
2025-03-08 13:46:06,1.4400,935641088,7.4727
2025-03-08 13:46:11,0.9900,935886848,7.4747
2025-03-08 13:46:16,1.4200,933801984,7.4580
2025-03-08 13:46:21,1.0000,935317504,7.4701
2025-03-08 13:46:26,1.3200,938139648,7.4927
2025-03-08 13:46:31,1.0000,939130880,7.5006
2025-03-08 13:46:36,1.1500,936783872,7.4818
2025-03-08 13:46:41,1.0700,937517056,7.4877
2025-03-08 13:46:46,1.2700,934395904,7.4628
2025-03-08 13:46:51,0.6700,936144896,7.4767
2025-03-08 13:46:56,1.5200,932229120,7.4455
2025-03-08 13:47:01,1.2200,933752832,7.4576
2025-03-08 13:47:06,1.7200,931655680,7.4409
2025-03-08 13:47:11,1.0200,931889152,7.4427
2025-03-08 13:47:16,1.3200,929796096,7.4260
2025-03-08 13:47:21,0.9700,931835904,7.4423
2025-03-08 13:47:26,1.1500,929755136,7.4257
2025-03-08 13:47:31,0.9700,930246656,7.4296
2025-03-08 13:47:36,1.3000,931504128,7.4397
2025-03-08 13:47:41,1.0400,932724736,7.4494
2025-03-08 13:47:46,0.7400,925229056,7.3896
2025-03-08 13:47:51,1.1000,929071104,7.4202
2025-03-08 13:47:56,1.1400,930328576,7.4303
2025-03-08 13:48:01,1.2000,927215616,7.4054
2025-03-08 13:48:06,1.5700,931586048,7.4403
2025-03-08 13:48:11,1.1000,932327424,7.4463
2025-03-08 13:48:16,1.1700,929202176,7.4213
2025-03-08 13:48:21,1.3200,930725888,7.4335
2025-03-08 13:48:27,1.1200,931217408,7.4374
2025-03-08 13:48:32,1.1000,924487680,7.3836
2025-03-08 13:48:37,1.3000,930398208,7.4308
2025-03-08 13:48:42,0.6700,931135488,7.4367
2025-03-08 13:48:47,1.1900,928018432,7.4118
2025-03-08 13:48:52,1.0700,929787904,7.4260
2025-03-08 13:48:57,1.0000,931057664,7.4361
2025-03-08 13:49:02,1.1700,923561984,7.3762
2025-03-08 13:49:07,1.3900,929468416,7.4234
2025-03-08 13:49:12,1.2000,931213312,7.4373
2025-03-08 13:49:17,1.0000,928083968,7.4124
2025-03-08 13:49:22,1.1200,933208064,7.4533
2025-03-08 13:49:27,1.1000,934215680,7.4613
2025-03-08 13:49:31,1.1000,931352576,7.4385
2025-03-08 13:49:36,0.7000,932114432,7.4445
2025-03-08 13:49:41,1.0700,932597760,7.4484
2025-03-08 13:49:46,1.0700,928706560,7.4173
2025-03-08 13:49:51,1.1700,932560896,7.4481
2025-03-08 13:49:56,1.0000,933564416,7.4561
2025-03-08 13:50:01,1.5400,930443264,7.4312
2025-03-08 13:50:06,1.0700,934801408,7.4660
2025-03-08 13:50:11,1.0200,935804928,7.4740
2025-03-08 13:50:16,1.1900,934756352,7.4656
2025-03-08 13:50:21,1.1000,939651072,7.5047
2025-03-08 13:50:26,1.2700,940666880,7.5129
2025-03-08 13:50:31,0.5200,937033728,7.4838
2025-03-08 13:50:37,1.2900,943452160,7.5351
2025-03-08 13:50:42,1.0900,944717824,7.5452
2025-03-08 13:50:47,1.0500,937230336,7.4854
2025-03-08 13:50:52,1.1700,940818432,7.5141
2025-03-08 13:50:57,1.3700,941563904,7.5200
2025-03-08 13:51:02,1.6400,940240896,7.5094
2025-03-08 13:51:07,1.1700,946159616,7.5567
2025-03-08 13:51:12,1.1000,946659328,7.5607
2025-03-08 13:51:17,1.0700,938123264,7.4925
2025-03-08 13:51:22,1.3900,944033792,7.5397
2025-03-08 13:51:27,0.6000,945057792,7.5479
2025-03-08 13:51:32,1.2700,937299968,7.4860
2025-03-08 13:51:37,1.2200,939470848,7.5033
2025-03-08 13:51:41,1.1500,940228608,7.5094
2025-03-08 13:51:46,1.0200,932466688,7.4474
2025-03-08 13:51:51,1.3900,933220352,7.4534
2025-03-08 13:51:56,1.1900,933965824,7.4593
2025-03-08 13:52:01,1.4200,930332672,7.4303
2025-03-08 13:52:06,1.1000,932360192,7.4465
2025-03-08 13:52:11,1.0000,932593664,7.4484
2025-03-08 13:52:16,1.1700,929234944,7.4216
2025-03-08 13:52:21,0.6700,932814848,7.4501
2025-03-08 13:52:26,1.2900,934076416,7.4602
2025-03-08 13:52:31,1.1400,926060544,7.3962
2025-03-08 13:52:36,1.3700,930668544,7.4330
2025-03-08 13:52:42,1.1200,931934208,7.4431
2025-03-08 13:52:47,1.1000,928804864,7.4181
2025-03-08 13:52:52,1.1900,932401152,7.4468
2025-03-08 13:52:57,1.1700,933142528,7.4528
2025-03-08 13:53:02,1.7700,925351936,7.3905
2025-03-08 13:53:07,1.0000,929972224,7.4274
2025-03-08 13:53:12,1.1400,930463744,7.4314
2025-03-08 13:53:17,0.6000,927092736,7.4044
2025-03-08 13:53:22,1.1200,928100352,7.4125
2025-03-08 13:53:27,0.9700,928600064,7.4165
2025-03-08 13:53:32,1.0500,921870336,7.3627
2025-03-08 13:53:37,1.2500,926507008,7.3998
2025-03-08 13:53:42,1.1700,927768576,7.4098
2025-03-08 13:53:46,1.1700,924385280,7.3828
2025-03-08 13:53:51,1.2000,930807808,7.4341
2025-03-08 13:53:56,1.1900,931831808,7.4423
2025-03-08 13:54:01,1.5200,928473088,7.4155
2025-03-08 13:54:06,1.0200,930754560,7.4337
2025-03-08 13:54:11,0.6900,932278272,7.4459
2025-03-08 13:54:16,1.1700,924770304,7.3859
2025-03-08 13:54:22,1.6700,928608256,7.4165
2025-03-08 13:54:27,1.0500,929873920,7.4266
2025-03-08 13:54:32,1.1900,922357760,7.3666
2025-03-08 13:54:37,1.2500,927748096,7.4097
2025-03-08 13:54:42,1.1700,928243712,7.4136
2025-03-08 13:54:47,1.2400,925655040,7.3930
2025-03-08 13:54:52,1.3200,930021376,7.4278
2025-03-08 13:54:57,1.1000,931033088,7.4359
2025-03-08 13:55:02,1.6700,923791360,7.3781
2025-03-08 13:55:07,0.6900,929435648,7.4232
2025-03-08 13:55:12,1.2200,930701312,7.4333
2025-03-08 13:55:17,1.0200,929394688,7.4228
2025-03-08 13:55:22,1.3200,932970496,7.4514
2025-03-08 13:55:27,1.1200,933445632,7.4552
2025-03-08 13:55:32,1.1200,925954048,7.3953
2025-03-08 13:55:37,1.2200,930824192,7.4342
2025-03-08 13:55:42,1.2200,931577856,7.4403
2025-03-08 13:55:47,1.1700,928731136,7.4175
2025-03-08 13:55:52,1.1200,935141376,7.4687
2025-03-08 13:55:57,1.1200,935878656,7.4746
2025-03-08 13:56:02,1.1200,932495360,7.4476
2025-03-08 13:56:07,1.2200,938909696,7.4988
2025-03-08 13:56:12,1.2000,939384832,7.5026
2025-03-08 13:56:17,1.1400,931614720,7.4406
2025-03-08 13:56:22,1.1900,937263104,7.4857
2025-03-08 13:56:27,1.1000,937742336,7.4895
2025-03-08 13:56:32,1.0500,929480704,7.4235
2025-03-08 13:56:37,1.1200,934883328,7.4667
2025-03-08 13:56:42,1.1400,935636992,7.4727
2025-03-08 13:56:47,1.2200,931737600,7.4415
2025-03-08 13:56:52,1.2200,933523456,7.4558
2025-03-08 13:56:57,0.5500,934260736,7.4617
2025-03-08 13:57:02,1.6700,926232576,7.3976
2025-03-08 13:57:07,1.2200,933163008,7.4529
2025-03-08 13:57:12,1.0700,933900288,7.4588
2025-03-08 13:57:17,1.0200,930516992,7.4318
2025-03-08 13:57:22,1.3000,933081088,7.4523
2025-03-08 13:57:27,1.1500,934334464,7.4623
2025-03-08 13:57:32,0.9000,927100928,7.4045
2025-03-08 13:57:37,1.1000,934277120,7.4618
2025-03-08 13:57:42,1.1000,935243776,7.4695
2025-03-08 13:57:47,1.0500,928006144,7.4117
2025-03-08 13:57:52,0.6500,934301696,7.4620
2025-03-08 13:57:57,1.0500,935559168,7.4721
2025-03-08 13:58:02,1.7200,927543296,7.4080
2025-03-08 13:58:07,1.1000,929832960,7.4263
2025-03-08 13:58:12,1.0500,931356672,7.4385
2025-03-08 13:58:17,1.0700,928505856,7.4157
2025-03-08 13:58:22,1.2200,932339712,7.4463
2025-03-08 13:58:27,1.0700,933081088,7.4523
2025-03-08 13:58:32,1.2200,930209792,7.4293
2025-03-08 13:58:38,1.2500,931995648,7.4436
2025-03-08 13:58:43,1.0500,932491264,7.4476
2025-03-08 13:58:48,0.6900,931696640,7.4412
2025-03-08 13:58:53,1.4400,936075264,7.4762
2025-03-08 13:58:58,1.0400,937091072,7.4843
2025-03-08 13:59:03,1.5500,939630592,7.5046
2025-03-08 13:59:08,0.9700,940630016,7.5126
2025-03-08 13:59:13,1.3000,936222720,7.4774
2025-03-08 13:59:18,1.0000,936980480,7.4834
2025-03-08 13:59:23,1.1000,933863424,7.4585
2025-03-08 13:59:28,1.0700,935387136,7.4707
2025-03-08 13:59:33,1.4700,933568512,7.4562
2025-03-08 13:59:38,1.0200,934580224,7.4642
2025-03-08 13:59:42,0.8900,932495360,7.4476
2025-03-08 13:59:47,1.1200,933482496,7.4555
2025-03-08 13:59:52,1.1700,931385344,7.4387
2025-03-08 13:59:57,1.0400,932380672,7.4467
2025-03-08 14:00:02,1.7000,932876288,7.4506
2025-03-08 14:00:07,1.1000,933359616,7.4545
2025-03-08 14:00:12,1.3200,930250752,7.4297
2025-03-08 14:00:17,1.0200,931004416,7.4357
2025-03-08 14:00:22,1.3700,928903168,7.4189
2025-03-08 14:00:27,1.0700,929898496,7.4268
2025-03-08 14:00:32,1.2500,932474880,7.4474
2025-03-08 14:00:37,0.5700,933212160,7.4533
2025-03-08 14:00:42,1.2700,934998016,7.4676
2025-03-08 14:00:48,1.1200,935739392,7.4735
2025-03-08 14:00:53,1.4400,932618240,7.4486
2025-03-08 14:00:58,1.0700,933363712,7.4545
2025-03-08 14:01:03,1.8000,930512896,7.4318
2025-03-08 14:01:08,1.1400,932290560,7.4459
2025-03-08 14:01:13,1.3200,933048320,7.4520
2025-03-08 14:01:18,1.0000,934322176,7.4622
2025-03-08 14:01:23,1.0200,931213312,7.4373
2025-03-08 14:01:28,1.1700,932454400,7.4473
2025-03-08 14:01:33,0.6700,933986304,7.4595
2025-03-08 14:01:38,1.1000,932929536,7.4511
2025-03-08 14:01:43,1.2000,938565632,7.4961
2025-03-08 14:01:48,1.0700,939307008,7.5020
2025-03-08 14:01:52,1.0500,932548608,7.4480
2025-03-08 14:01:57,1.1500,935890944,7.4747
2025-03-08 14:02:02,1.7000,936386560,7.4787
2025-03-08 14:02:07,0.8500,928894976,7.4188
2025-03-08 14:02:12,1.1700,935841792,7.4743
2025-03-08 14:02:17,1.0900,936321024,7.4781
2025-03-08 14:02:22,1.1700,928821248,7.4182
2025-03-08 14:02:27,0.6700,933441536,7.4552
2025-03-08 14:02:32,1.1400,934440960,7.4631
2025-03-08 14:02:37,1.1700,931581952,7.4403
2025-03-08 14:02:42,1.3700,937746432,7.4895
2025-03-08 14:02:47,1.1400,938237952,7.4934
2025-03-08 14:02:52,1.1400,935120896,7.4686
2025-03-08 14:02:58,1.3200,941035520,7.5158
2025-03-08 14:03:03,1.4900,942301184,7.5259
2025-03-08 14:03:08,1.0200,934019072,7.4598
2025-03-08 14:03:13,1.3700,936693760,7.4811
2025-03-08 14:03:18,1.3400,937455616,7.4872
2025-03-08 14:03:23,0.6400,936656896,7.4808
2025-03-08 14:03:28,1.4200,940486656,7.5114
2025-03-08 14:03:33,1.3400,940462080,7.5112
2025-03-08 14:03:38,1.1500,933212160,7.4533
2025-03-08 14:03:43,1.2400,935768064,7.4737
2025-03-08 14:03:48,1.1000,936787968,7.4819
2025-03-08 14:03:53,1.1200,933687296,7.4571
2025-03-08 14:03:58,1.0700,939089920,7.5003
2025-03-08 14:04:02,1.6000,939839488,7.5062
2025-03-08 14:04:07,0.9200,932589568,7.4483
2025-03-08 14:04:12,1.1400,935673856,7.4730
2025-03-08 14:04:17,0.5200,936173568,7.4770
2025-03-08 14:04:22,1.1900,934608896,7.4645
2025-03-08 14:04:28,1.1700,940257280,7.5096
2025-03-08 14:04:33,1.0900,941527040,7.5197
2025-03-08 14:04:38,1.1400,934023168,7.4598
2025-03-08 14:04:43,1.1500,940965888,7.5152
2025-03-08 14:04:48,1.1200,941465600,7.5192
2025-03-08 14:04:53,1.1400,934457344,7.4633
2025-03-08 14:04:58,1.6500,940093440,7.5083
2025-03-08 14:05:03,1.8200,940576768,7.5121
2025-03-08 14:05:08,1.0700,933326848,7.4542
2025-03-08 14:05:13,1.4700,937668608,7.4889
2025-03-08 14:05:18,1.0500,938668032,7.4969
2025-03-08 14:05:23,1.1700,931426304,7.4391
2025-03-08 14:05:28,1.1700,935788544,7.4739
2025-03-08 14:05:33,1.1700,937586688,7.4883
2025-03-08 14:05:38,1.1000,933961728,7.4593
2025-03-08 14:05:43,1.1000,936251392,7.4776
2025-03-08 14:05:48,0.9000,937504768,7.4876
2025-03-08 14:05:53,1.1200,929738752,7.4256
2025-03-08 14:05:58,1.2500,935641088,7.4727
2025-03-08 14:06:03,1.4700,936382464,7.4786
2025-03-08 14:06:08,1.1000,929398784,7.4229
2025-03-08 14:06:13,1.1700,934797312,7.4660
2025-03-08 14:06:18,1.2200,935796736,7.4740
2025-03-08 14:06:23,1.1400,928550912,7.4161
2025-03-08 14:06:28,1.2200,935227392,7.4694
2025-03-08 14:06:33,1.1400,936243200,7.4775
2025-03-08 14:06:38,1.0900,928997376,7.4196
2025-03-08 14:06:43,0.7200,934895616,7.4668
2025-03-08 14:06:48,1.1200,936153088,7.4768
2025-03-08 14:06:53,1.0700,934838272,7.4663
2025-03-08 14:06:58,1.2000,938663936,7.4969
2025-03-08 14:07:03,1.9400,939933696,7.5070
2025-03-08 14:07:08,1.1500,932429824,7.4471
2025-03-08 14:07:13,1.1500,937811968,7.4900
2025-03-08 14:07:18,1.1200,938831872,7.4982
2025-03-08 14:07:23,1.1900,935739392,7.4735
2025-03-08 14:07:28,1.2700,941649920,7.5207
2025-03-08 14:07:33,1.1000,942379008,7.5265
2025-03-08 14:07:38,0.6700,935133184,7.4687
2025-03-08 14:07:43,1.2900,938209280,7.4932
2025-03-08 14:07:48,1.1900,939220992,7.5013
2025-03-08 14:07:53,1.1400,935587840,7.4723
2025-03-08 14:07:58,1.1900,934780928,7.4658
2025-03-08 14:08:03,1.5700,935796736,7.4740
2025-03-08 14:08:08,1.0500,932417536,7.4470
2025-03-08 14:08:13,1.2700,933933056,7.4591
2025-03-08 14:08:18,1.0700,934166528,7.4609
2025-03-08 14:08:23,1.1900,933109760,7.4525
2025-03-08 14:08:28,1.2900,935149568,7.4688
2025-03-08 14:08:33,0.6700,935882752,7.4746
2025-03-08 14:08:38,1.1500,928374784,7.4147
2025-03-08 14:08:43,1.3200,932986880,7.4515
2025-03-08 14:08:48,1.2900,934002688,7.4596
2025-03-08 14:08:54,1.0900,930373632,7.4306
2025-03-08 14:08:59,1.2200,935247872,7.4696
2025-03-08 14:09:04,1.4900,935997440,7.4756
2025-03-08 14:09:09,1.1700,928747520,7.4177
2025-03-08 14:09:14,1.0500,933109760,7.4525
2025-03-08 14:09:19,1.1700,933863424,7.4585
2025-03-08 14:09:24,1.1200,927154176,7.4049
2025-03-08 14:09:29,0.6900,930480128,7.4315
2025-03-08 14:09:34,1.0500,931483648,7.4395
2025-03-08 14:09:39,1.1400,929140736,7.4208
2025-03-08 14:09:44,1.1000,934805504,7.4660
2025-03-08 14:09:49,0.9700,935305216,7.4700
2025-03-08 14:09:54,1.0900,932188160,7.4451
2025-03-08 14:09:58,1.1200,934215680,7.4613
2025-03-08 14:10:03,1.8400,935731200,7.4734
2025-03-08 14:10:08,1.0900,934154240,7.4608
2025-03-08 14:10:13,1.2000,939798528,7.5059
2025-03-08 14:10:18,1.1200,940294144,7.5099
2025-03-08 14:10:23,0.5700,933306368,7.4541
2025-03-08 14:10:28,1.1700,936759296,7.4816
2025-03-08 14:10:33,1.0400,937250816,7.4856
2025-03-08 14:10:38,1.1500,930267136,7.4298
2025-03-08 14:10:43,1.0200,935141376,7.4687
2025-03-08 14:10:48,0.9400,935649280,7.4728
2025-03-08 14:10:53,1.0700,932528128,7.4479
2025-03-08 14:10:59,1.1700,935084032,7.4683
2025-03-08 14:11:04,1.7900,936099840,7.4764
2025-03-08 14:11:09,1.1700,928342016,7.4144
2025-03-08 14:11:14,1.2900,933474304,7.4554
2025-03-08 14:11:19,0.6900,934739968,7.4655
2025-03-08 14:11:24,1.3200,933883904,7.4587
2025-03-08 14:11:29,1.3700,937218048,7.4853
2025-03-08 14:11:34,1.1200,937963520,7.4913
2025-03-08 14:11:39,1.0200,934850560,7.4664
2025-03-08 14:11:44,1.2000,936902656,7.4828
2025-03-08 14:11:49,1.1000,938168320,7.4929
2025-03-08 14:11:54,1.1700,935301120,7.4700
2025-03-08 14:11:59,1.2200,939651072,7.5047
2025-03-08 14:12:03,1.7500,940400640,7.5107
2025-03-08 14:12:08,1.1200,938319872,7.4941
2025-03-08 14:12:13,0.6700,942936064,7.5310
2025-03-08 14:12:18,1.0000,943427584,7.5349
2025-03-08 14:12:23,1.2200,939798528,7.5059
2025-03-08 14:12:28,1.2400,943898624,7.5387
2025-03-08 14:12:33,1.0400,944136192,7.5406
2025-03-08 14:12:38,1.3900,937926656,7.4910
2025-03-08 14:12:43,0.9700,939991040,7.5075
2025-03-08 14:12:48,1.2000,943075328,7.5321
2025-03-08 14:12:53,1.0400,943558656,7.5360
2025-03-08 14:12:58,1.2200,939659264,7.5048
2025-03-08 14:13:03,1.7200,939892736,7.5067
2025-03-08 14:13:09,0.8900,943497216,7.5355
2025-03-08 14:13:14,0.9700,944238592,7.5414
2025-03-08 14:13:19,1.2200,940081152,7.5082
2025-03-08 14:13:24,1.0700,940838912,7.5142
2025-03-08 14:13:29,1.2700,935133184,7.4687
2025-03-08 14:13:34,0.9500,936128512,7.4766
2025-03-08 14:13:39,1.1700,941273088,7.5177
2025-03-08 14:13:44,1.0700,941252608,7.5175
2025-03-08 14:13:49,1.2700,940974080,7.5153
2025-03-08 14:13:54,1.0400,941981696,7.5233
2025-03-08 14:13:59,1.1200,941195264,7.5171
2025-03-08 14:14:04,0.9400,941682688,7.5210
2025-03-08 14:14:09,1.3000,939069440,7.5001
2025-03-08 14:14:13,1.2200,940339200,7.5102
2025-03-08 14:14:18,1.3700,937500672,7.4876
2025-03-08 14:14:24,0.9200,937988096,7.4915
2025-03-08 14:14:29,1.4200,932532224,7.4479
2025-03-08 14:14:34,1.1000,933810176,7.4581
2025-03-08 14:14:39,1.0500,926838784,7.4024
2025-03-08 14:14:44,1.3700,931983360,7.4435
2025-03-08 14:14:49,1.0500,933507072,7.4557
2025-03-08 14:14:54,1.1500,930906112,7.4349
2025-03-08 14:14:59,0.7200,938881024,7.4986
2025-03-08 14:15:04,1.8200,939368448,7.5025
2025-03-08 14:15:09,1.1200,932384768,7.4467
2025-03-08 14:15:14,1.2700,939057152,7.5000
2025-03-08 14:15:19,1.1400,940052480,7.5080
2025-03-08 14:15:24,0.9200,933588992,7.4563
2025-03-08 14:15:29,1.0700,939757568,7.5056
2025-03-08 14:15:34,1.2200,940498944,7.5115
2025-03-08 14:15:39,1.1000,932478976,7.4475
2025-03-08 14:15:44,1.1900,939937792,7.5070
2025-03-08 14:15:49,1.1900,940187648,7.5090
2025-03-08 14:15:54,0.6000,932171776,7.4450
2025-03-08 14:15:59,1.2400,939089920,7.5003
2025-03-08 14:16:04,1.7200,940343296,7.5103
2025-03-08 14:16:09,1.1500,936706048,7.4812
2025-03-08 14:16:14,1.1200,938749952,7.4975
2025-03-08 14:16:19,1.1200,938991616,7.4995
2025-03-08 14:16:24,1.1200,932515840,7.4477
2025-03-08 14:16:29,1.2700,936116224,7.4765
2025-03-08 14:16:34,0.9700,936620032,7.4805
2025-03-08 14:16:39,1.2400,933765120,7.4577
2025-03-08 14:16:44,1.2900,937607168,7.4884
2025-03-08 14:16:49,0.5900,938106880,7.4924
2025-03-08 14:16:54,1.0500,929329152,7.4223
2025-03-08 14:16:59,1.1200,929812480,7.4262
2025-03-08 14:17:04,1.7000,930570240,7.4322
2025-03-08 14:17:09,1.1700,923340800,7.3745
2025-03-08 14:17:14,1.3200,927440896,7.4072
2025-03-08 14:17:19,1.1000,927936512,7.4112
2025-03-08 14:17:24,1.0700,924573696,7.3843
2025-03-08 14:17:29,1.3700,931258368,7.4377
2025-03-08 14:17:34,1.1900,931758080,7.4417
2025-03-08 14:17:39,1.0500,929173504,7.4211
2025-03-08 14:17:44,0.8700,933523456,7.4558
2025-03-08 14:17:49,1.1200,934797312,7.4660
2025-03-08 14:17:54,1.1000,932216832,7.4454
2025-03-08 14:17:59,1.2400,935284736,7.4699
2025-03-08 14:18:04,1.9000,936042496,7.4759
2025-03-08 14:18:09,1.0700,929046528,7.4200
2025-03-08 14:18:14,5.3800,935321600,7.4702
2025-03-08 14:18:19,3.2500,936599552,7.4804
2025-03-08 14:18:24,1.4800,933212160,7.4533
2025-03-08 14:18:29,1.0200,938332160,7.4942
2025-03-08 14:18:34,1.1700,939597824,7.5043
2025-03-08 14:18:39,1.1500,932114432,7.4445
2025-03-08 14:18:44,1.1700,934166528,7.4609
2025-03-08 14:18:49,1.1400,934670336,7.4650
2025-03-08 14:18:54,1.1500,933888000,7.4587
2025-03-08 14:18:59,1.1900,939548672,7.5039
2025-03-08 14:19:04,1.8000,939474944,7.5033
2025-03-08 14:19:09,1.0700,931971072,7.4434
2025-03-08 14:19:14,1.3700,936849408,7.4824
2025-03-08 14:19:19,1.2900,937082880,7.4842
2025-03-08 14:19:24,1.2400,929333248,7.4223
2025-03-08 14:19:29,1.2900,933933056,7.4591
2025-03-08 14:19:34,1.1900,934948864,7.4672
2025-03-08 14:19:39,1.1000,932089856,7.4443
2025-03-08 14:19:44,1.1500,934617088,7.4645
2025-03-08 14:19:49,1.1400,936124416,7.4766
2025-03-08 14:19:54,1.1700,928124928,7.4127
2025-03-08 14:19:59,1.2700,934023168,7.4598
2025-03-08 14:20:04,1.8900,934506496,7.4636
2025-03-08 14:20:09,0.7400,931143680,7.4368
2025-03-08 14:20:14,1.1700,938070016,7.4921
2025-03-08 14:20:19,1.1200,939094016,7.5003
2025-03-08 14:20:24,1.2200,935718912,7.4733
2025-03-08 14:20:29,1.0700,940085248,7.5082
2025-03-08 14:20:34,0.9000,940326912,7.5101
2025-03-08 14:20:39,1.2200,936185856,7.4771
2025-03-08 14:20:44,1.2700,938479616,7.4954
2025-03-08 14:20:49,1.1700,940015616,7.5076
2025-03-08 14:20:54,1.1200,932503552,7.4477
2025-03-08 14:20:59,1.2900,935038976,7.4679
2025-03-08 14:21:04,0.7900,936566784,7.4801
2025-03-08 14:21:09,1.2700,928796672,7.4180
2025-03-08 14:21:14,1.2500,933142528,7.4528
2025-03-08 14:21:19,1.1700,933625856,7.4566
2025-03-08 14:21:24,1.1700,926388224,7.3988
2025-03-08 14:21:29,1.1000,930222080,7.4294
2025-03-08 14:21:34,1.3200,931237888,7.4375
2025-03-08 14:21:39,1.3200,923987968,7.3796
2025-03-08 14:21:45,1.2900,929136640,7.4208
2025-03-08 14:21:50,1.2900,930676736,7.4331
2025-03-08 14:21:55,1.1900,927834112,7.4104
2025-03-08 14:22:00,1.0400,933748736,7.4576
2025-03-08 14:22:05,1.8500,934248448,7.4616
2025-03-08 14:22:10,1.2400,931123200,7.4366
2025-03-08 14:22:15,1.3400,934985728,7.4675
2025-03-08 14:22:20,1.0400,936517632,7.4797
2025-03-08 14:22:25,1.2700,929017856,7.4198
2025-03-08 14:22:30,1.1200,932610048,7.4485
2025-03-08 14:22:35,1.0700,933888000,7.4587
2025-03-08 14:22:40,1.1700,930770944,7.4338
2025-03-08 14:22:45,1.2200,936685568,7.4811
2025-03-08 14:22:49,1.1700,938209280,7.4932
2025-03-08 14:22:54,0.6200,930439168,7.4312
2025-03-08 14:22:59,1.2900,936099840,7.4764
2025-03-08 14:23:04,1.9200,936603648,7.4804
2025-03-08 14:23:09,1.1000,928841728,7.4184
2025-03-08 14:23:14,1.3200,933957632,7.4593
2025-03-08 14:23:19,1.0900,934973440,7.4674
2025-03-08 14:23:24,1.2000,931602432,7.4405
2025-03-08 14:23:29,1.1700,938790912,7.4979
2025-03-08 14:23:34,1.1000,938774528,7.4977
2025-03-08 14:23:39,1.0500,931532800,7.4399
2025-03-08 14:23:44,1.1500,935641088,7.4727
2025-03-08 14:23:49,0.6200,936136704,7.4767
2025-03-08 14:23:55,1.1200,929038336,7.4200
2025-03-08 14:24:00,1.3200,931344384,7.4384
2025-03-08 14:24:05,1.8000,933646336,7.4568
2025-03-08 14:24:10,1.2400,925896704,7.3949
2025-03-08 14:24:15,1.2200,931807232,7.4421
2025-03-08 14:24:20,1.0700,932573184,7.4482
2025-03-08 14:24:25,1.0200,928940032,7.4192
2025-03-08 14:24:30,1.1700,934584320,7.4643
2025-03-08 14:24:35,1.1900,936361984,7.4785
2025-03-08 14:24:40,1.1200,928595968,7.4164
2025-03-08 14:24:45,0.6700,934514688,7.4637
2025-03-08 14:24:50,0.9700,935530496,7.4718
2025-03-08 14:24:55,1.1900,933961728,7.4593
2025-03-08 14:24:59,1.2000,935116800,7.4685
2025-03-08 14:25:04,1.8000,935878656,7.4746
2025-03-08 14:25:09,1.0400,932249600,7.4456
2025-03-08 14:25:14,1.2000,934551552,7.4640
2025-03-08 14:25:19,1.0700,936083456,7.4763
2025-03-08 14:25:24,1.1200,934780928,7.4658
2025-03-08 14:25:29,1.1000,940171264,7.5089
2025-03-08 14:25:34,1.1700,940662784,7.5128
2025-03-08 14:25:39,0.8200,940371968,7.5105
2025-03-08 14:25:44,1.0200,941395968,7.5187
2025-03-08 14:25:49,1.3200,933650432,7.4568
2025-03-08 14:25:54,1.0900,934395904,7.4628
2025-03-08 14:25:59,1.4700,930254848,7.4297
2025-03-08 14:26:04,1.9500,931274752,7.4378
2025-03-08 14:26:09,1.2200,929718272,7.4254
2025-03-08 14:26:14,1.2200,929943552,7.4272
2025-03-08 14:26:19,1.1700,930148352,7.4288
2025-03-08 14:26:24,1.2200,930631680,7.4327
2025-03-08 14:26:29,1.3400,932950016,7.4512
2025-03-08 14:26:34,0.6900,933965824,7.4593
2025-03-08 14:26:39,1.2000,932134912,7.4447
2025-03-08 14:26:44,0.9700,933675008,7.4570
2025-03-08 14:26:49,1.0700,926175232,7.3971
2025-03-08 14:26:54,0.9900,927449088,7.4073
2025-03-08 14:26:59,1.4400,930127872,7.4287
2025-03-08 14:27:04,1.8200,932179968,7.4451
2025-03-08 14:27:09,1.4400,928288768,7.4140
2025-03-08 14:28:27,1.3700,929722368,7.4254
2025-03-08 14:28:32,2.2900,924790784,7.3861
2025-03-08 14:28:37,1.0700,925798400,7.3941
2025-03-08 14:28:42,0.7900,930676736,7.4331
2025-03-08 14:28:47,1.1200,931688448,7.4411
2025-03-08 14:28:52,1.2200,924954624,7.3874
2025-03-08 14:28:57,1.1400,928555008,7.4161
2025-03-08 14:35:20,2.1500,929800192,7.4261
2025-03-08 14:35:25,1.1200,926941184,7.4032
2025-03-08 14:35:30,1.3900,928739328,7.4176
2025-03-08 14:35:35,1.0200,929751040,7.4257
2025-03-08 14:35:40,1.2400,927936512,7.4112
2025-03-08 14:35:45,1.1700,934113280,7.4605
2025-03-08 14:35:49,1.3200,935133184,7.4687
2025-03-08 14:35:54,0.6200,933826560,7.4582
2025-03-08 14:35:59,1.3900,938176512,7.4930
2025-03-08 14:36:04,1.8700,938672128,7.4969
2025-03-08 14:36:09,1.2900,931405824,7.4389
2025-03-08 14:36:14,1.2000,933453824,7.4552
2025-03-08 14:36:19,1.1200,934727680,7.4654
2025-03-08 14:36:53,1.2900,927227904,7.4055
2025-03-08 14:36:58,1.2200,934662144,7.4649
2025-03-08 14:37:03,1.9200,935424000,7.4710
2025-03-08 14:37:08,1.2400,931532800,7.4399
2025-03-08 14:37:13,1.3700,936669184,7.4809
2025-03-08 14:37:18,0.5500,937414656,7.4869
2025-03-08 14:43:02,1.3700,933527552,7.4558
2025-03-08 14:43:07,1.2700,938651648,7.4968
2025-03-08 14:43:12,2.0600,939159552,7.5008
2025-03-08 14:43:17,1.0400,931647488,7.4408
2025-03-08 14:43:22,1.2700,933036032,7.4519
2025-03-08 14:43:27,1.2400,934567936,7.4641
2025-03-08 14:43:32,1.0200,926801920,7.4021
2025-03-08 14:43:37,1.0700,931942400,7.4432
2025-03-08 14:43:42,1.1200,932950016,7.4512
2025-03-08 14:43:47,1.2000,930103296,7.4285
2025-03-08 14:43:52,0.6500,935223296,7.4694
2025-03-08 14:43:57,1.3400,936755200,7.4816
2025-03-08 14:44:02,1.4200,933363712,7.4545
2025-03-08 14:44:07,1.2500,935661568,7.4729
2025-03-08 14:44:12,1.8200,936669184,7.4809
2025-03-08 14:44:17,1.1900,933556224,7.4561
2025-03-08 14:44:22,1.0700,934563840,7.4641
2025-03-08 14:44:27,1.1700,935301120,7.4700
2025-03-08 14:44:32,1.0700,935284736,7.4699
2025-03-08 14:44:38,1.1900,940429312,7.5110
2025-03-08 14:44:43,1.3200,940937216,7.5150
2025-03-08 14:44:48,0.6200,937062400,7.4841
2025-03-08 14:44:53,1.2900,942215168,7.5252
2025-03-08 14:44:58,1.2400,942952448,7.5311
2025-03-08 14:45:03,1.3200,935165952,7.4689
2025-03-08 14:45:08,1.2200,935399424,7.4708
2025-03-08 15:00:00,2.3200,936407040,7.4788
2025-03-08 15:00:05,1.1200,929153024,7.4209
2025-03-08 15:00:10,1.4200,934801408,7.4660
2025-03-08 15:00:15,1.8200,936071168,7.4761
2025-03-08 15:00:20,1.0500,932429824,7.4471
2025-03-08 15:00:25,1.1200,935763968,7.4737
2025-03-08 15:00:31,0.7200,936517632,7.4797
2025-03-08 15:00:36,1.3000,929800192,7.4261
2025-03-08 15:10:47,3.7400,934416384,7.4629
2025-03-08 15:10:53,1.8000,935165952,7.4689
2025-03-08 15:10:58,1.2000,933601280,7.4564
2025-03-08 15:11:03,1.2700,935886848,7.4747
2025-03-08 15:11:08,1.7700,936914944,7.4829
2025-03-08 15:11:13,1.1200,929423360,7.4230
2025-03-08 15:11:18,1.2400,933527552,7.4558
2025-03-08 15:11:23,1.0200,934547456,7.4640
2025-03-08 15:11:28,1.0000,931422208,7.4390
2025-03-08 15:11:33,0.7400,932442112,7.4472
2025-03-08 15:11:38,0.9900,932671488,7.4490
2025-03-08 15:11:43,1.2400,931872768,7.4426
2025-03-08 15:11:48,1.2900,935202816,7.4692
2025-03-08 15:11:53,0.9500,935714816,7.4733
2025-03-08 15:11:58,1.2200,928718848,7.4174
2025-03-08 15:12:03,1.2500,934899712,7.4668
2025-03-08 15:12:08,1.7000,936435712,7.4791
2025-03-08 15:12:13,1.0500,929439744,7.4232
2025-03-08 15:12:18,1.1200,931991552,7.4436
2025-03-08 15:12:23,1.0000,933261312,7.4537
2025-03-08 15:12:28,0.7700,934277120,7.4618
2025-03-08 15:12:33,1.0200,936341504,7.4783
2025-03-08 15:12:38,1.2700,938123264,7.4925
2025-03-08 15:12:43,1.0900,939122688,7.5005
2025-03-08 15:12:48,1.2200,935972864,7.4754
2025-03-08 15:12:53,1.0900,936976384,7.4834
2025-03-08 15:12:58,1.1200,935673856,7.4730
2025-03-08 15:13:03,1.1700,936173568,7.4770
2025-03-08 15:13:08,2.1700,934612992,7.4645
2025-03-08 15:13:13,1.0000,935616512,7.4725
2025-03-08 15:13:18,1.3200,933519360,7.4558
2025-03-08 15:13:23,0.5000,934281216,7.4618
2025-03-08 15:13:27,1.2700,937111552,7.4845
2025-03-08 15:13:32,1.2000,938369024,7.4945
2025-03-08 15:13:37,1.3200,937070592,7.4841
2025-03-08 15:13:42,1.0000,937824256,7.4902
2025-03-08 15:13:47,1.3500,936505344,7.4796
2025-03-08 15:13:52,1.0900,937779200,7.4898
2025-03-08 15:13:57,1.1500,932601856,7.4484
2025-03-08 15:14:03,1.2400,933355520,7.4545
2025-03-08 15:14:08,1.9400,936316928,7.4781
2025-03-08 15:14:13,1.0000,937082880,7.4842
2025-03-08 15:14:18,0.7700,934985728,7.4675
2025-03-08 15:14:23,1.1400,936763392,7.4817
2025-03-08 15:14:28,1.2500,939831296,7.5062
2025-03-08 15:14:33,1.1400,940326912,7.5101
2025-03-08 15:14:38,1.1500,932306944,7.4461
2025-03-08 15:14:43,1.1000,934354944,7.4624
2025-03-08 15:14:48,1.1200,935108608,7.4685
2025-03-08 15:14:53,1.1200,932777984,7.4498
2025-03-08 15:14:58,1.2700,936873984,7.4826
2025-03-08 15:15:03,1.4200,938217472,7.4933
2025-03-08 15:15:08,2.0700,934346752,7.4624
2025-03-08 15:15:13,0.6900,940519424,7.5117
2025-03-08 15:15:18,1.0700,941006848,7.5156
2025-03-08 15:15:23,1.0000,938905600,7.4988
2025-03-08 15:15:28,1.0700,938889216,7.4987
2025-03-08 15:15:33,0.9000,939896832,7.5067
2025-03-08 15:15:38,0.9700,933687296,7.4571
2025-03-08 15:15:43,1.1500,935211008,7.4693
2025-03-08 15:15:48,1.0000,935968768,7.4753
2025-03-08 15:15:53,1.1200,932347904,7.4464
2025-03-08 15:15:58,1.1400,938766336,7.4977
2025-03-08 15:16:03,1.1200,939524096,7.5037
2025-03-08 15:16:08,0.8200,932294656,7.4460
2025-03-08 15:16:13,1.2400,936923136,7.4829
2025-03-08 15:16:18,1.0500,937431040,7.4870
2025-03-08 15:16:23,1.1400,930721792,7.4334
2025-03-08 15:16:28,1.1700,935587840,7.4723
2025-03-08 15:16:33,1.0900,937115648,7.4845
2025-03-08 15:16:38,1.1200,930136064,7.4287
2025-03-08 15:16:43,1.2700,936046592,7.4759
2025-03-08 15:16:48,0.9200,937324544,7.4862
2025-03-08 15:16:53,0.9000,929832960,7.4263
2025-03-08 15:16:58,1.2500,936267776,7.4777
2025-03-08 15:17:03,0.7700,937533440,7.4878
2025-03-08 15:17:08,1.9700,934662144,7.4649
2025-03-08 15:17:13,1.1000,940572672,7.5121
2025-03-08 15:17:18,1.1000,941314048,7.5180
2025-03-08 15:17:23,0.9500,933797888,7.4580
2025-03-08 15:17:28,1.2200,937369600,7.4865
2025-03-08 15:17:33,1.0000,938131456,7.4926
2025-03-08 15:17:38,0.8700,935276544,7.4698
2025-03-08 15:17:43,1.3200,937328640,7.4862
2025-03-08 15:17:48,1.0700,937828352,7.4902
2025-03-08 15:17:53,1.1000,931102720,7.4365
2025-03-08 15:17:58,0.6000,936738816,7.4815
2025-03-08 15:18:03,1.2000,938020864,7.4917
2025-03-08 15:18:08,1.9400,935178240,7.4690
2025-03-08 15:18:13,1.0400,941092864,7.5163
2025-03-08 15:18:18,1.1900,941076480,7.5161
2025-03-08 15:18:23,1.1700,937189376,7.4851
2025-03-08 15:18:28,1.0500,939503616,7.5036
2025-03-08 15:18:33,0.9500,939499520,7.5035
2025-03-08 15:18:38,1.1200,932265984,7.4458
2025-03-08 15:18:43,1.2200,937127936,7.4846
2025-03-08 15:18:48,1.1200,937611264,7.4885
2025-03-08 15:18:53,0.6000,930373632,7.4306
2025-03-08 15:18:58,1.1500,932405248,7.4469
2025-03-08 15:19:03,1.2000,933408768,7.4549
2025-03-08 15:19:08,1.7700,930308096,7.4301
2025-03-08 15:19:13,1.1500,932352000,7.4464
2025-03-08 15:19:18,0.9700,932827136,7.4502
2025-03-08 15:19:23,1.0700,925327360,7.3903
2025-03-08 15:19:28,0.9200,930209792,7.4293
2025-03-08 15:19:33,1.0900,930455552,7.4313
2025-03-08 15:19:38,1.0900,927068160,7.4042
2025-03-08 15:19:43,1.1900,932737024,7.4495
2025-03-08 15:19:48,0.6200,934010880,7.4597
2025-03-08 15:19:53,1.2000,931143680,7.4368
2025-03-08 15:19:59,1.2500,931631104,7.4407
2025-03-08 15:20:04,1.1900,932139008,7.4447
2025-03-08 15:20:09,1.5500,925163520,7.3890
2025-03-08 15:20:14,1.1700,930185216,7.4291
2025-03-08 15:20:19,1.1200,930942976,7.4352
2025-03-08 15:20:24,1.0200,923709440,7.3774
2025-03-08 15:20:29,1.5500,929361920,7.4226
2025-03-08 15:20:34,1.0200,930365440,7.4306
2025-03-08 15:20:39,1.2200,922865664,7.3707
2025-03-08 15:20:44,0.6900,928776192,7.4179
2025-03-08 15:20:49,1.2000,929775616,7.4259
2025-03-08 15:20:54,1.0900,922005504,7.3638
2025-03-08 15:20:59,0.9500,924819456,7.3863
2025-03-08 15:21:03,1.9200,926093312,7.3965
2025-03-08 15:21:08,1.8700,922464256,7.3675
2025-03-08 15:21:13,1.0500,928116736,7.4126
2025-03-08 15:21:18,3.6500,929652736,7.4249
2025-03-08 15:21:23,0.4200,921899008,7.3630
2025-03-08 15:21:28,0.5400,927309824,7.4062
2025-03-08 15:21:33,0.3500,928583680,7.4164
2025-03-08 15:21:38,0.4200,921079808,7.3564
2025-03-08 15:21:43,0.4500,926748672,7.4017
2025-03-08 15:21:48,0.4000,928018432,7.4118
2025-03-08 15:21:53,0.4400,926695424,7.4013
2025-03-08 15:21:58,0.4700,927694848,7.4092
2025-03-08 15:22:04,0.5700,928440320,7.4152
2025-03-08 15:22:09,0.9700,927645696,7.4089
2025-03-08 15:22:14,0.3700,928915456,7.4190
2025-03-08 15:22:19,0.2700,929411072,7.4230
2025-03-08 15:22:24,0.2500,926048256,7.3961
2025-03-08 15:22:29,0.4400,932478976,7.4475
2025-03-08 15:22:34,0.2900,933761024,7.4577
2025-03-08 15:22:39,0.3200,930656256,7.4329
2025-03-08 15:22:44,0.3200,936058880,7.4761
2025-03-08 15:22:49,0.2500,937332736,7.4862
2025-03-08 15:22:54,0.2000,930361344,7.4305
2025-03-08 15:22:59,0.3700,936271872,7.4777
2025-03-08 15:23:04,0.4200,936775680,7.4818
2025-03-08 15:23:08,1.2200,929759232,7.4257
2025-03-08 15:23:13,1.5400,936206336,7.4772
2025-03-08 15:23:18,0.8700,936968192,7.4833
2025-03-08 15:23:23,4.5300,932552704,7.4480
2025-03-08 15:23:28,2.4400,938672128,7.4969
2025-03-08 15:23:33,1.6700,939687936,7.5050
2025-03-08 15:23:38,0.4700,936837120,7.4823
2025-03-08 15:23:43,0.4700,941449216,7.5191
2025-03-08 15:23:48,0.3200,941436928,7.5190
2025-03-08 15:23:53,0.8000,933937152,7.4591
2025-03-08 15:23:58,1.4900,938831872,7.4982
2025-03-08 15:24:03,23.7000,1445421056,11.5442
2025-03-08 15:24:08,20.8900,1753198592,14.0023
2025-03-08 15:24:14,9.9400,1691594752,13.5103
2025-03-08 15:24:19,47.1200,2102362112,16.7910
2025-03-08 15:24:24,30.8800,2091601920,16.7051
2025-03-08 15:24:29,30.7200,2073280512,16.5587
2025-03-08 15:24:34,15.0100,2125164544,16.9731
2025-03-08 15:24:39,7.6100,2102468608,16.7919
2025-03-08 15:24:44,22.5500,2134601728,17.0485
2025-03-08 15:24:49,27.9900,2114854912,16.8908
2025-03-08 15:24:54,16.7200,2114494464,16.8879
2025-03-08 15:24:59,6.3500,2115612672,16.8968
2025-03-08 15:25:04,5.3600,2120716288,16.9376
2025-03-08 15:25:09,23.8500,2173915136,17.3625
2025-03-08 15:25:14,32.4700,2420838400,19.3346
2025-03-08 15:25:18,30.2100,2609385472,20.8405
2025-03-08 15:25:23,25.2100,2539966464,20.2860
2025-03-08 15:25:28,18.5800,2590560256,20.6901
2025-03-08 15:25:33,16.1000,2395631616,19.1333
2025-03-08 15:25:38,11.5700,1949515776,15.5703
2025-03-08 15:25:43,13.1200,1981284352,15.8240
2025-03-08 15:25:48,11.3900,2017206272,16.1109
2025-03-08 15:25:54,11.0800,2055479296,16.4166
2025-03-08 15:25:59,13.9800,2207277056,17.6289
2025-03-08 15:26:04,13.1800,2255589376,18.0148
2025-03-08 15:26:09,15.4600,2178023424,17.3953
2025-03-08 15:26:14,13.2500,2213113856,17.6755
2025-03-08 15:26:19,13.3300,2226085888,17.7791
2025-03-08 15:26:24,13.0100,2259963904,18.0497
2025-03-08 15:26:29,14.5200,2213982208,17.6825
2025-03-08 15:26:34,14.9600,2241851392,17.9051
2025-03-08 15:26:39,13.6000,2207436800,17.6302
2025-03-08 15:26:44,13.7700,2230272000,17.8126
2025-03-08 15:26:49,13.5000,2258608128,18.0389
2025-03-08 15:26:54,16.7400,2225340416,17.7732
2025-03-08 15:26:59,13.6200,2247331840,17.9488
2025-03-08 15:27:04,14.3800,2275885056,18.1769
2025-03-08 15:27:09,13.4300,2251304960,17.9806
2025-03-08 15:27:14,13.9700,2258821120,18.0406
2025-03-08 15:27:19,16.0500,2232307712,17.8288
2025-03-08 15:27:24,13.5600,2235256832,17.8524
2025-03-08 15:27:29,13.4100,2266718208,18.1037
2025-03-08 15:27:34,13.0300,2279636992,18.2068
2025-03-08 15:27:39,13.2100,2179547136,17.4075
2025-03-08 15:27:44,15.4300,2215731200,17.6964
2025-03-08 15:27:49,12.7900,2223136768,17.7556
2025-03-08 15:27:54,13.2500,2173140992,17.3563
2025-03-08 15:27:59,13.2700,2192470016,17.5107
2025-03-08 15:28:04,13.4100,2225229824,17.7723
2025-03-08 15:28:09,15.7400,2213195776,17.6762
2025-03-08 15:28:14,13.7300,2226720768,17.7842
2025-03-08 15:28:19,13.5500,2237575168,17.8709
2025-03-08 15:28:24,12.3800,2262310912,18.0685
2025-03-08 15:28:29,14.3400,2206429184,17.6222
2025-03-08 15:28:34,13.5800,2238099456,17.8751
2025-03-08 15:28:39,13.0200,2238025728,17.8745
2025-03-08 15:28:44,12.9400,2244567040,17.9268
2025-03-08 15:28:49,12.9200,2256257024,18.0201
2025-03-08 15:28:54,14.8800,2207219712,17.6285
2025-03-08 15:28:59,13.2200,2239168512,17.8836
2025-03-08 15:29:04,14.1800,2263068672,18.0745
2025-03-08 15:29:09,14.2000,2195841024,17.5376
2025-03-08 15:29:14,15.9100,2213527552,17.6788
2025-03-08 15:29:19,10.4100,2236538880,17.8626
2025-03-08 15:29:24,7.9800,1980203008,15.8153
2025-03-08 15:29:29,2.5300,2017095680,16.1100
2025-03-08 15:29:34,4.1800,1930358784,15.4173
2025-03-08 15:29:39,6.4900,1934393344,15.4495
2025-03-08 15:29:44,4.6100,1999171584,15.9668
2025-03-08 15:29:49,1.8200,2017382400,16.1123
2025-03-08 15:29:54,1.6000,1950511104,15.5782
2025-03-08 15:29:59,1.5700,1960824832,15.6606
2025-03-08 15:30:04,1.6000,1992974336,15.9173
2025-03-08 15:30:09,4.5500,2032054272,16.2295
2025-03-08 15:30:14,16.3300,2278625280,18.1988
2025-03-08 15:30:19,44.2100,2218561536,17.7191
2025-03-08 15:30:24,14.2600,2266923008,18.1053
2025-03-08 15:30:29,12.8700,2302758912,18.3915
2025-03-08 15:30:34,13.9500,2232487936,17.8303
2025-03-08 15:30:39,16.1900,2300575744,18.3741
2025-03-08 15:30:44,14.0100,2313195520,18.4749
2025-03-08 15:30:49,14.6100,2221989888,17.7464
2025-03-08 15:30:54,13.7500,2248028160,17.9544
2025-03-08 15:30:59,14.5600,2303074304,18.3940
2025-03-08 15:31:04,15.3100,2333376512,18.6361
2025-03-08 15:31:09,14.8300,2342727680,18.7107
2025-03-08 15:31:14,21.7400,2363682816,18.8781
2025-03-08 15:31:19,44.1000,2205089792,17.6115
2025-03-08 15:31:24,23.5200,2192719872,17.5127
2025-03-08 15:31:29,16.1200,2242899968,17.9134
2025-03-08 15:31:34,13.5000,2247438336,17.9497
2025-03-08 15:31:39,12.7300,2282147840,18.2269
2025-03-08 15:31:44,15.0100,2277457920,18.1894
2025-03-08 15:31:49,13.9000,2269749248,18.1279
2025-03-08 15:31:54,13.6900,2292625408,18.3106
2025-03-08 15:31:59,14.0600,2290647040,18.2948
2025-03-08 15:32:04,15.4000,2344640512,18.7260
2025-03-08 15:32:09,13.9700,2372907008,18.9518
2025-03-08 15:32:14,13.2700,2224791552,17.7688
2025-03-08 15:32:19,13.6300,2221408256,17.7418
2025-03-08 15:32:24,13.3600,2232758272,17.8324
2025-03-08 15:32:29,15.8500,2266722304,18.1037
2025-03-08 15:32:34,13.7500,2258526208,18.0382
2025-03-08 15:32:39,13.3600,2294910976,18.3288
2025-03-08 15:32:44,13.1500,2310119424,18.4503
2025-03-08 15:32:49,13.7600,2293907456,18.3208
2025-03-08 15:32:54,15.7700,2257367040,18.0290
2025-03-08 15:32:59,13.5100,2276663296,18.1831
2025-03-08 15:33:04,13.1100,2292887552,18.3127
2025-03-08 15:33:09,14.4700,2215247872,17.6926
2025-03-08 15:33:14,15.1200,2270384128,18.1329
2025-03-08 15:33:19,15.4400,2298531840,18.3578
2025-03-08 15:33:24,14.6400,2310098944,18.4501
2025-03-08 15:33:29,13.8100,2206236672,17.6206
2025-03-08 15:33:34,13.4300,2235617280,17.8553
2025-03-08 15:33:39,16.0900,2230382592,17.8135
2025-03-08 15:33:44,20.9100,2290614272,18.2945
2025-03-08 15:33:49,12.6300,2276888576,18.1849
2025-03-08 15:33:54,19.1600,2294132736,18.3226
2025-03-08 15:33:59,14.4800,2210025472,17.6509
2025-03-08 15:34:04,16.1000,2304872448,18.4084
2025-03-08 15:34:10,15.1400,2315591680,18.4940
2025-03-08 15:34:15,15.2300,2334101504,18.6418
2025-03-08 15:34:20,13.6400,2318573568,18.5178
2025-03-08 15:34:25,14.0400,2198040576,17.5552
2025-03-08 15:34:30,15.8400,2288455680,18.2773
2025-03-08 15:34:35,12.7700,2289586176,18.2863
2025-03-08 15:34:40,14.5800,2207518720,17.6309
2025-03-08 15:34:45,14.1800,2225827840,17.7771
2025-03-08 15:34:50,13.8200,2217410560,17.7099
2025-03-08 15:34:55,17.4900,2244714496,17.9279
2025-03-08 15:35:00,13.7000,2260496384,18.0540
2025-03-08 15:35:05,12.5300,2273349632,18.1566
2025-03-08 15:35:10,14.6200,2288570368,18.2782
2025-03-08 15:35:14,15.8400,2220707840,17.7362
2025-03-08 15:35:19,13.4300,2246721536,17.9440
2025-03-08 15:35:24,13.3200,2252992512,17.9940
2025-03-08 15:35:29,13.0300,2265665536,18.0953
2025-03-08 15:35:34,12.8800,2268573696,18.1185
2025-03-08 15:35:39,15.8700,2229833728,17.8091
2025-03-08 15:35:44,14.7500,2276007936,18.1779
2025-03-08 15:35:50,13.8800,2267398144,18.1091
2025-03-08 15:35:55,13.2500,2219843584,17.7293
2025-03-08 15:36:00,13.1500,2244808704,17.9287
2025-03-08 15:36:05,15.3400,2254753792,18.0081
2025-03-08 15:36:10,15.1700,2295676928,18.3350
2025-03-08 15:36:15,12.5700,2296180736,18.3390
2025-03-08 15:36:20,12.0800,2293055488,18.3140
2025-03-08 15:36:25,13.4000,2222067712,17.7471
2025-03-08 15:36:30,15.0800,2313097216,18.4741
2025-03-08 15:36:35,12.9300,2315284480,18.4916
2025-03-08 15:36:40,12.9900,2329112576,18.6020
2025-03-08 15:36:45,13.4500,2344292352,18.7232
2025-03-08 15:36:50,13.3800,2328125440,18.5941
2025-03-08 15:36:54,16.5700,2258501632,18.0380
2025-03-08 15:36:59,13.5200,2264031232,18.0822
2025-03-08 15:37:04,13.8000,2241331200,17.9009
2025-03-08 15:37:09,14.3500,2264702976,18.0876
2025-03-08 15:37:14,13.9000,2210742272,17.6566
2025-03-08 15:37:19,14.0100,2238496768,17.8783
2025-03-08 15:37:25,14.0500,2256293888,18.0204
2025-03-08 15:37:30,13.0800,2282147840,18.2269
2025-03-08 15:37:35,13.1300,2282196992,18.2273
2025-03-08 15:37:40,15.3800,2239754240,17.8883
2025-03-08 15:37:45,13.3300,2259537920,18.0463
2025-03-08 15:37:50,12.4200,2258968576,18.0418
2025-03-08 15:37:55,12.9900,2263969792,18.0817
2025-03-08 15:38:00,13.1900,2272710656,18.1515
2025-03-08 15:38:05,15.3500,2249940992,17.9697
2025-03-08 15:38:10,13.6600,2271272960,18.1400
2025-03-08 15:38:15,13.8100,2228719616,17.8002
2025-03-08 15:38:20,13.7800,2258874368,18.0410
2025-03-08 15:38:25,13.3300,2259255296,18.0441
2025-03-08 15:38:30,16.5000,2268639232,18.1190
2025-03-08 15:38:35,12.9700,2288218112,18.2754
2025-03-08 15:38:40,13.4100,2306281472,18.4196
2025-03-08 15:38:45,13.4100,2313814016,18.4798
2025-03-08 15:38:50,13.5900,2300944384,18.3770
2025-03-08 15:38:55,16.2400,2218991616,17.7225
2025-03-08 15:39:00,13.3700,2233802752,17.8408
2025-03-08 15:39:05,13.7400,2260353024,18.0528
2025-03-08 15:39:10,15.0700,2280116224,18.2107
2025-03-08 15:39:15,14.4900,2316169216,18.4986
2025-03-08 15:39:20,14.3500,2338721792,18.6787
2025-03-08 15:39:25,13.3400,2362032128,18.8649
2025-03-08 15:39:30,13.5400,2199867392,17.5697
2025-03-08 15:39:35,12.2300,2217857024,17.7134
2025-03-08 15:39:40,14.9600,2291032064,18.2979
2025-03-08 15:39:45,12.9100,2309943296,18.4489
2025-03-08 15:39:50,13.2300,2310750208,18.4553
2025-03-08 15:39:55,13.0600,2302918656,18.3928
2025-03-08 15:40:00,12.3900,2306760704,18.4235
2025-03-08 15:40:05,14.2700,2214494208,17.6866
2025-03-08 15:40:10,12.2300,2237841408,17.8730
2025-03-08 15:40:15,12.1600,2268864512,18.1208
2025-03-08 15:40:20,12.4800,2272919552,18.1532
2025-03-08 15:40:25,13.1500,2270298112,18.1323
2025-03-08 15:40:30,15.0400,2240761856,17.8964
2025-03-08 15:40:35,13.2000,2261499904,18.0620
2025-03-08 15:40:40,13.6300,2280108032,18.2106
2025-03-08 15:40:45,14.0000,2191122432,17.4999
2025-03-08 15:40:50,13.0500,2188013568,17.4751
2025-03-08 15:40:55,15.0300,2281234432,18.2196
2025-03-08 15:41:00,13.8900,2295721984,18.3353
2025-03-08 15:41:05,13.8400,2199572480,17.5674
2025-03-08 15:41:10,14.1800,2229747712,17.8084
2025-03-08 15:41:15,14.0800,2216656896,17.7038
2025-03-08 15:41:20,13.9700,2259120128,18.0430
2025-03-08 15:41:25,13.3900,2238636032,17.8794
2025-03-08 15:41:30,13.0300,2255261696,18.0122
2025-03-08 15:41:35,12.8600,2260471808,18.0538
2025-03-08 15:41:40,15.0400,2246950912,17.9458
2025-03-08 15:41:45,13.1600,2260488192,18.0539
2025-03-08 15:41:50,13.0200,2256498688,18.0220
2025-03-08 15:41:55,13.2300,2266918912,18.1053
2025-03-08 15:42:00,13.0500,2279632896,18.2068
2025-03-08 15:42:05,15.4800,2253553664,17.9985
2025-03-08 15:42:10,13.8700,2272985088,18.1537
2025-03-08 15:42:15,13.6700,2225917952,17.7778
2025-03-08 15:42:20,13.7300,2217885696,17.7137
2025-03-08 15:42:25,13.5100,2245398528,17.9334
2025-03-08 15:42:30,15.5800,2245951488,17.9378
2025-03-08 15:42:35,13.4300,2255691776,18.0156
2025-03-08 15:42:40,13.5600,2276753408,18.1838
2025-03-08 15:42:46,13.5500,2288574464,18.2782
2025-03-08 15:42:51,13.9500,2191052800,17.4993
2025-03-08 15:42:56,14.1700,2272071680,18.1464
2025-03-08 15:43:01,12.8800,2277658624,18.1910
2025-03-08 15:43:06,13.5200,2283376640,18.2367
2025-03-08 15:43:11,14.2300,2186616832,17.4639
2025-03-08 15:43:16,13.8500,2227957760,17.7941
2025-03-08 15:43:21,13.7600,2255663104,18.0154
2025-03-08 15:43:26,13.0900,2280595456,18.2145
2025-03-08 15:43:31,13.0000,2199302144,17.5652
2025-03-08 15:43:36,13.3000,2221473792,17.7423
2025-03-08 15:43:41,15.9000,2309533696,18.4456
2025-03-08 15:43:46,13.9800,2334089216,18.6417
2025-03-08 15:43:50,13.6600,2308534272,18.4376
2025-03-08 15:43:55,14.5700,2318635008,18.5183
2025-03-08 15:44:00,13.0000,2194567168,17.5274
2025-03-08 15:44:05,14.6200,2270195712,18.1314
2025-03-08 15:44:10,13.5700,2276544512,18.1821
2025-03-08 15:44:15,13.1400,2284048384,18.2421
2025-03-08 15:44:20,13.6100,2174816256,17.3697
2025-03-08 15:44:26,13.6500,2176114688,17.3800
2025-03-08 15:44:31,18.1800,2265726976,18.0958
2025-03-08 15:44:36,18.6100,2270552064,18.1343
2025-03-08 15:44:41,8.0900,2291703808,18.3032
2025-03-08 15:44:46,6.1500,1916661760,15.3079
2025-03-08 15:44:51,2.4800,1913638912,15.2837
2025-03-08 15:44:56,4.4600,1996083200,15.9422
2025-03-08 15:45:01,3.1200,1972236288,15.7517
2025-03-08 15:45:06,3.1200,1996984320,15.9494
2025-03-08 15:45:11,3.5200,1923784704,15.3648
2025-03-08 15:45:16,7.6800,1920671744,15.3399
2025-03-08 15:45:21,7.2200,2011344896,16.0641
2025-03-08 15:45:26,9.2900,2099994624,16.7721
2025-03-08 15:45:31,6.3400,1949069312,15.5667
2025-03-08 15:45:36,3.8500,1961607168,15.6668
2025-03-08 15:45:41,5.6200,2000396288,15.9766
2025-03-08 15:45:46,5.5100,2076835840,16.5871
2025-03-08 15:45:51,1.9700,2054725632,16.4105
2025-03-08 15:45:56,1.6200,2063298560,16.4790
2025-03-08 15:46:01,2.2700,1925562368,15.3789
2025-03-08 15:46:06,5.9600,1940553728,15.4987
